species,colony,fragment,coralID,time_point,length (cm),width (cm),surface_area (cm^2),home_reef,transplant,airbrushed_volume (mL),slurry_volume(ml),form:iod_added(ml),count1,count2,count3,count4,count5,count6,count7,count8,total_symbiont_1,total_symbiont_2,total_symbiont_3,total_symbiont_4,total_symbiont_5,total_symbiont_6,total_symbiont_7,total_symbiont_8,symbiont_density_1,symbiont_density_2,symbiont_density_3,symbiont_density_4,symbiont_density_5,symbiont_density_6,symbiont_density_7,symbiont_density_8
PSTR,1,13,PSTR 1 13,T0,2.1,2,4.2,NS,control,42,1,0.2,25,29,28,31,30,23,,,10550000,12238000,11816000,13082000,12660000,9706000,,,2511904.762,2913809.524,2813333.333,3114761.905,3014285.714,2310952.381,,
PSTR,1,26,PSTR 1 26,T0,1.9,1,1.9,OS,control,26,1,0.2,12,36,32,20,35,24,,,3144000,9432000,8384000,5240000,9170000,6288000,,,1654736.842,4964210.526,4412631.579,2757894.737,4826315.789,3309473.684,,
PSTR,2,13,PSTR 2 13,T0,1.8,2,1.8,NS,control,22.5,1,0.2,29,19,28,28,21,26,,,6583000,4313000,6356000,6356000,4767000,5902000,,,3657222.222,2396111.111,3531111.111,3531111.111,2648333.333,3278888.889,,
PSTR,3,13,PSTR 3 13,T0,3,1.4,4.2,NS,control,16,1,0.2,33,46,48,45,37,62,58,,5346000,7452000,7776000,7290000,5994000,10044000,9396000,,1272857.143,1774285.714,1851428.571,1735714.286,1427142.857,2391428.571,2237142.857,
PSTR,4,26,PSTR 4 26,T0,2.5,1,2.5,OS,control,24,1,0.2,64,50,70,40,70,46,33,40,15488000,12100000,16940000,9680000,16940000,11132000,7986000,9680000,6195200,4840000,6776000,3872000,6776000,4452800,3194400,3872000
PSTR,4,13,PSTR 4 13,T0,3.5,1.5,5.25,NS,control,37.5,1,0.2,36,35,40,43,43,56,,,13572000,13195000,15080000,16211000,16211000,21112000,,,2585142.857,2513333.333,2872380.952,3087809.524,3087809.524,4021333.333,,
PSTR,5,13,PSTR 5 13,T0,3.3,1.5,4.95,NS,control,32.5,1,0.2,72,61,81,62,71,57,,,23544000,19947000,26487000,20274000,23217000,18639000,,,4756363.636,4029696.97,5350909.091,4095757.576,4690303.03,3765454.545,,
PSTR,5,26,PSTR 5 26,T0,3.3,1.5,4.95,OS,control,31,1,0.2,26,49,45,54,49,45,,,8112000,15288000,14040000,16848000,15288000,14040000,,,1638787.879,3088484.848,2836363.636,3403636.364,3088484.848,2836363.636,,
PSTR,6,26,PSTR 6 26,T0,1.5,1,1.5,OS,control,25,1,0.2,39,18,27,28,25,33,,,9828000,4536000,6804000,7056000,6300000,8316000,,,6552000,3024000,4536000,4704000,4200000,5544000,,
PSTR,6,13,PSTR 6 13,T0,2,1.8,1.8,NS,control,32.5,1,0.2,39,78,60,62,36,28,45,39,12753000,25506000,19620000,20274000,11772000,9156000,14715000,12753000,7085000,14170000,10900000,11263333.33,6540000,5086666.667,8175000,7085000
SSID,1,26,SSID 1 26,T0,3,1.1,3.3,OS,control,14,1,0.2,56,55,53,50,59,56,,,7952000,7810000,7526000,7100000,8378000,7952000,,,2409696.97,2366666.667,2280606.061,2151515.152,2538787.879,2409696.97,,
SSID,1,13,SSID 1 13,T0,3.2,0.7,2.24,NS,control,13.5,0.5,0.1,90,58,67,68,70,71,,,12240000,7888000,9112000,9248000,9520000,9656000,,,5464285.714,3521428.571,4067857.143,4128571.429,4250000,4310714.286,,
SSID,2,13,SSID 2 13,T0,4,1.9,7.6,NS,control,13,0.5,0.1,61,35,44,41,33,38,,,7991000,4585000,5764000,5371000,4323000,4978000,,,1051447.368,603289.4737,758421.0526,706710.5263,568815.7895,655000,,
SSID,3,13,SSID 3 13,T0,2.5,1,2.5,NS,control,10,0.5,0.1,64,72,87,57,61,60,,,6464000,7272000,8787000,5757000,6161000,6060000,,,2585600,2908800,3514800,2302800,2464400,2424000,,
SSID,3,26,SSID 3 26,T0,3,0.6,1.8,OS,control,20,1,0.2,19,22,20,24,19,19,,,3838000,4444000,4040000,4848000,3838000,3838000,,,2132222.222,2468888.889,2244444.444,2693333.333,2132222.222,2132222.222,,
SSID,4,26,SSID 4 26,T0,1.9,0.8,1.52,OS,control,8,0.5,0.1,41,43,38,35,37,32,,,3321000,3483000,3078000,2835000,2997000,2592000,,,2184868.421,2291447.368,2025000,1865131.579,1971710.526,1705263.158,,
SSID,4,13,SSID 4 13,T0,1.7,2.5,2.125,NS,control,13,0.5,0.1,66,85,61,53,47,56,55,,8646000,11135000,7991000,6943000,6157000,7336000,7205000,,4068705.882,5240000,3760470.588,3267294.118,2897411.765,3452235.294,3390588.235,
SSID,5,13,SSID 5 13,T0,1.5,1.1,1.65,NS,control,16,0.5,0.1,25,24,17,20,18,22,,,4025000,3864000,2737000,3220000,2898000,3542000,,,2439393.939,2341818.182,1658787.879,1951515.152,1756363.636,2146666.667,,
SSID,5,26,SSID 5 26,T0,3.5,1.3,4.55,OS,control,12.5,0.5,0.1,22,21,19,17,16,23,,,2772000,2646000,2394000,2142000,2016000,2898000,,,609230.7692,581538.4615,526153.8462,470769.2308,443076.9231,636923.0769,,
SSID,6,13,SSID 6 13,T0,1.2,0.8,0.96,NS,control,11,0.5,0.1,27,26,24,24,21,20,,,2997000,2886000,2664000,2664000,2331000,2220000,,,3121875,3006250,2775000,2775000,2428125,2312500,,
SSID,6,26,SSID 6 26,T0,2.5,1,2.5,OS,control,12.5,0.5,0.1,42,59,54,39,29,41,,,5292000,7434000,6804000,4914000,3654000,5166000,,,2116800,2973600,2721600,1965600,1461600,2066400,,
PSTR,1,1,PSTR 1 1,T1,2,1,1,NS,NS Native,25,1,0.2,43,40,33,27,39,29,,,10836000,10080000,8316000,6804000,9828000,7308000,,,10836000,10080000,8316000,6804000,9828000,7308000,,
PSTR,1,8,PSTR 1 8,T1,1.2,1.4,1.68,NS,OS Transplant,16,1,0.2,39,53,45,54,50,45,,,6318000,8586000,7290000,8748000,8100000,7290000,,,3760714.286,5110714.286,4339285.714,5207142.857,4821428.571,4339285.714,,
PSTR,1,14,PSTR 1 14,T1,1.5,0.7,1.05,OS,OS Native,15,1,0.2,52,48,46,39,35,42,,,7904000,7296000,6992000,5928000,5320000,6384000,,,7527619.048,6948571.429,6659047.619,5645714.286,5066666.667,6080000,,
PSTR,1,20,PSTR 1 20,T1,2,0.9,1.8,OS,NS Transplant,10,0.5,0.1,67,66,80,74,76,72,,,6767000,6666000,8080000,7474000,7676000,7272000,,,3759444.444,3703333.333,4488888.889,4152222.222,4264444.444,4040000,,
PSTR,2,1,PSTR 2 1,T1,2.2,1.4,3.08,NS,NS Native,10,0.5,0.1,118,149,134,161,145,148,,,11918000,15049000,13534000,16261000,14645000,14948000,,,3869480.519,4886038.961,4394155.844,5279545.455,4754870.13,4853246.753,,
PSTR,2,9,PSTR 2 9,T1,1.8,1.3,1.17,NS,OS Transplant,7.5,0.5,0.1,81,75,68,73,64,68,,,6156000,5700000,5168000,5548000,4864000,5168000,,,5261538.462,4871794.872,4417094.017,4741880.342,4157264.957,4417094.017,,
PSTR,3,1,PSTR 3 1,T1,1.6,1,1.6,NS,NS Native,20,1,0.2,56,54,55,44,43,51,,,11312000,10908000,11110000,8888000,8686000,10302000,,,7070000,6817500,6943750,5555000,5428750,6438750,,
PSTR,3,7,PSTR 3 7,T1,1.6,1.2,1.92,NS,OS Transplant,5,0.5,0.1,175,153,191,174,199,163,,,8925000,7803000,9741000,8874000,10149000,8313000,,,4648437.5,4064062.5,5073437.5,4621875,5285937.5,4329687.5,,
PSTR,3,20,PSTR 3 20,T1,1.8,1,1.8,OS,NS Transplant,10,0.5,0.1,54,62,66,48,56,,,,5454000,6262000,6666000,4848000,5656000,,,,3030000,3478888.889,3703333.333,2693333.333,3142222.222,,,
PSTR,4,7,PSTR 4 7,T1,1.7,1,1.7,NS,OS Transplant,7.4,0.5,0.1,133,141,129,,,,,,9975000,10575000,9675000,,,,,,5867647.059,6220588.235,5691176.471,,,,,
PSTR,4,14,PSTR 4 14,T1,1.8,1.6,2.88,OS,OS Native,10,0.5,0.1,139,151,134,,,,,,14039000,15251000,13534000,,,,,,4874652.778,5295486.111,4699305.556,,,,,
PSTR,4,20,PSTR 4 20,T1,1.8,0.9,1.62,OS,NS Transplant,7.5,0.5,0.1,92,104,110,,,,,,6992000,7904000,8360000,,,,,,4316049.383,4879012.346,5160493.827,,,,,
PSTR,5,1,PSTR 5 1,T1,2,1.1,2.2,NS,NS Native,7.5,0.5,0.1,170,207,195,,,,,,12920000,15732000,14820000,,,,,,5872727.273,7150909.091,6736363.636,,,,,
PSTR,5,14,PSTR 5 14,T1,1.5,0.9,1.35,OS,OS Native,7,0.5,0.1,82,72,81,,,,,,5822000,5112000,5751000,,,,,,4312592.593,3786666.667,4260000,,,,,
PSTR,5,20,PSTR 5 20,T1,1,1.1,1.1,OS,NS Transplant,8.5,0.5,0.1,80,97,73,92,,,,,6880000,8342000,6278000,7912000,,,,,6254545.455,7583636.364,5707272.727,7192727.273,,,,
PSTR,6,7,PSTR 6 7,T1,2.2,1,2.2,NS,OS Transplant,10.5,0.5,0.1,114,140,125,,,,,,12084000,14840000,13250000,,,,,,5492727.273,6745454.545,6022727.273,,,,,
PSTR,6,14,PSTR 6 14,T1,1.4,1.1,1.54,OS,OS Native,8.5,0.5,0.1,79,76,66,,,,,,6794000,6536000,5676000,,,,,,4411688.312,4244155.844,3685714.286,,,,,
PSTR,6,20,PSTR 6 20,T1,2.7,1.1,2.97,OS,NS Transplant,6,0.5,0.1,199,186,216,,,,,,12139000,11346000,13176000,,,,,,4087205.387,3820202.02,4436363.636,,,,,
SSID,1,1,SSID 1 1,T1,1.6,1.2,1.92,NS,NS Native,8,0.5,0.1,63,61,76,67,,,,,5103000,4941000,6156000,5427000,,,,,2657812.5,2573437.5,3206250,2826562.5,,,,
SSID,1,14,SSID 1 14,T1,1.6,1.7,2.72,OS,OS Native,6.5,0.5,0.1,41,64,60,52,,,,,2706000,4224000,3960000,3432000,,,,,994852.9412,1552941.176,1455882.353,1261764.706,,,,
SSID,1,20,SSID 1 20,T1,1.9,0.7,1.33,OS,NS Transplant,10,0.5,0.1,44,33,37,34,,,,,4444000,3333000,3737000,3434000,,,,,3341353.383,2506015.038,2809774.436,2581954.887,,,,
SSID,2,1,SSID 2 1,T1,1.6,1.1,1.76,NS,NS Native,15,0.5,0.1,35,30,30,44,24,42,,,5285000,4530000,4530000,6644000,3624000,6342000,,,3002840.909,2573863.636,2573863.636,3775000,2059090.909,3603409.091,,
SSID,2,14,SSID 2 14,T1,2.1,1.4,2.94,OS,OS Native,7.5,0.5,0.1,40,35,39,42,,,,,3040000,2660000,2964000,3192000,,,,,1034013.605,904761.9048,1008163.265,1085714.286,,,,
SSID,3,1,SSID 3 1,T1,2.2,1.1,2.42,NS,NS Native,10,0.5,0.1,69,64,50,48,61,,,,6969000,6464000,5050000,4848000,6161000,,,,2879752.066,2671074.38,2086776.86,2003305.785,2545867.769,,,
SSID,3,7,SSID 3 7,T1,2,1.5,1.5,NS,OS Transplant,7.5,0.5,0.1,20,18,18,,,,,,1520000,1368000,1368000,,,,,,1013333.333,912000,912000,,,,,
SSID,3,14,SSID 3 14,T1,1.4,1,1.4,OS,OS Native,8.5,0.5,0.1,18,26,19,16,17,,,,1548000,2236000,1634000,1376000,1462000,,,,1105714.286,1597142.857,1167142.857,982857.1429,1044285.714,,,
SSID,3,20,SSID 3 20,T1,1.8,1,1.8,OS,NS Transplant,10,0.5,0.1,20,30,24,27,,,,,2020000,3030000,2424000,2727000,,,,,1122222.222,1683333.333,1346666.667,1515000,,,,
SSID,4,8,SSID 4 8,T1,1.2,1.1,1.32,NS,OS Transplant,10,0.5,0.1,14,16,15,,,,,,1414000,1616000,1515000,,,,,,1071212.121,1224242.424,1147727.273,,,,,
SSID,4,14,SSID 4 14,T1,1,1.1,1.1,OS,OS Native,7,0.5,0.1,6,18,15,11,11,,,,426000,1278000,1065000,781000,781000,,,,387272.7273,1161818.182,968181.8182,710000,710000,,,
SSID,4,20,SSID 4 20,T1,1.8,1.2,1.08,OS,NS Transplant,10,0.5,0.1,15,19,15,,,,,,1515000,1919000,1515000,,,,,,1402777.778,1776851.852,1402777.778,,,,,
SSID,5,1,SSID 5 1,T1,1.5,1.6,2.4,NS,NS Native,11.5,0.5,0.1,38,32,34,,,,,,4408000,3712000,3944000,,,,,,1836666.667,1546666.667,1643333.333,,,,,
SSID,5,10,SSID 5 10,T1,2.6,1,2.6,NS,OS Transplant,12,0.5,0.1,23,26,27,,,,,,2783000,3146000,3267000,,,,,,1070384.615,1210000,1256538.462,,,,,
SSID,5,14,SSID 5 14,T1,1.7,0.9,1.53,OS,OS Native,11,0.5,0.1,7,8,10,8,,,,,777000,888000,1110000,888000,,,,,507843.1373,580392.1569,725490.1961,580392.1569,,,,
SSID,5,20,SSID 5 20,T1,1.4,1.3,1.82,OS,NS Transplant,6.5,0.5,0.1,25,19,31,26,20,,,,1650000,1254000,2046000,1716000,1320000,,,,906593.4066,689010.989,1124175.824,942857.1429,725274.7253,,,
SSID,6,7,SSID 6 7,T1,1.1,2,2.2,NS,OS Transplant,13,0.5,0.1,10,16,17,22,20,,,,1310000,2096000,2227000,2882000,2620000,,,,595454.5455,952727.2727,1012272.727,1310000,1190909.091,,,
SSID,6,20,SSID 6 20,T1,1.4,1.6,2.24,OS,NS Transplant,8,0.5,0.1,27,27,17,23,19,18,,,2187000,2187000,1377000,1863000,1539000,1458000,,,976339.2857,976339.2857,614732.1429,831696.4286,687053.5714,650892.8571,,
PSTR,1,12,PSTR 1 12,T2,2.6,1.7,4.42,NS,OS Transplant,12.5,0.5,0.1,19,20,24,,,,,,2394000,2520000,3024000,,,,,,541628.9593,570135.7466,684162.8959,,,,,
PSTR,1,15,PSTR 1 15,T2,1,1.1,1.1,OS,OS Native,14,1,0.2,13,12,15,,,,,,1846000,1704000,2130000,,,,,,1678181.818,1549090.909,1936363.636,,,,,
PSTR,1,21,PSTR 1 21,T2,2.7,1,2.7,OS,NS Transplant,25,1,0.2,8,12,17,12,12,13,,,2016000,3024000,4284000,3024000,3024000,3276000,,,746666.6667,1120000,1586666.667,1120000,1120000,1213333.333,,
PSTR,2,2,PSTR 2 2,T2,2.7,1.1,2.97,NS,NS Native,17.5,1,0.2,7,13,18,16,19,15,,,1239000,2301000,3186000,2832000,3363000,2655000,,,417171.7172,774747.4747,1072727.273,953535.3535,1132323.232,893939.3939,,
PSTR,2,12,PSTR 2 12,T2,1.5,1.8,1.35,NS,OS Transplant,17,1,0.2,6,6,9,5,5,6,,,1032000,1032000,1548000,860000,860000,1032000,,,764444.4444,764444.4444,1146666.667,637037.037,637037.037,764444.4444,,
PSTR,3,2,PSTR 3 2,T2,2.5,1.4,3.5,NS,NS Native,22,1,0.2,21,25,23,,,,,,4662000,5550000,5106000,,,,,,1332000,1585714.286,1458857.143,,,,,
PSTR,3,12,PSTR 3 12,T2,2.4,1.2,2.88,NS,OS Transplant,12.5,0.5,0.1,30,31,24,29,19,31,,,3780000,3906000,3024000,3654000,2394000,3906000,,,1312500,1356250,1050000,1268750,831250,1356250,,
PSTR,3,21,PSTR 3 21,T2,2.3,2.5,5.75,OS,NS Transplant,27.5,1,0.2,10,14,12,,,,,,2770000,3878000,3324000,,,,,,481739.1304,674434.7826,578086.9565,,,,,
PSTR,4,12,PSTR 4 12,T2,2,1,2,NS,OS Transplant,13.5,0.5,0.1,24,22,24,,,,,,3264000,2992000,3264000,,,,,,1632000,1496000,1632000,,,,,
PSTR,4,15,PSTR 4 15,T2,1.8,1.1,1.98,OS,OS Native,10.5,0.5,0.1,7,5,8,,,,,,742000,530000,848000,,,,,,374747.4747,267676.7677,428282.8283,,,,,
PSTR,4,21,PSTR 4 21,T2,1.5,1.7,1.275,OS,NS Transplant,13.5,0.5,0.1,9,10,11,,,,,,1224000,1360000,1496000,,,,,,960000,1066666.667,1173333.333,,,,,
PSTR,5,2,PSTR 5 2,T2,3.4,0.9,3.06,NS,NS Native,19,1,0.2,40,35,37,,,,,,7680000,6720000,7104000,,,,,,2509803.922,2196078.431,2321568.627,,,,,
PSTR,5,15,PSTR 5 15,T2,1.8,1,1.8,OS,OS Native,14,0.5,0.1,10,3,7,16,7,4,,,1410000,423000,987000,2256000,987000,564000,,,783333.3333,235000,548333.3333,1253333.333,548333.3333,313333.3333,,
PSTR,5,21,PSTR 5 21,T2,2.2,1.5,3.3,OS,NS Transplant,25,1,0.2,6,7,6,,,,,,1512000,1764000,1512000,,,,,,458181.8182,534545.4545,458181.8182,,,,,
PSTR,6,2,PSTR 6 2,T2,2.4,1.7,4.08,NS,NS Native,20,1,0.2,24,26,25,,,,,,4848000,5252000,5050000,,,,,,1188235.294,1287254.902,1237745.098,,,,,
PSTR,6,12,PSTR 6 12,T2,2.5,1.5,3.75,NS,OS Transplant,27.5,1,0.2,8,11,9,,,,,,2216000,3047000,2493000,,,,,,590933.3333,812533.3333,664800,,,,,
PSTR,6,15,PSTR 6 15,T2,1.2,1.3,1.56,OS,OS Native,27.5,1,0.2,15,10,10,4,12,12,,,4155000,2770000,2770000,1108000,3324000,3324000,,,2663461.538,1775641.026,1775641.026,710256.4103,2130769.231,2130769.231,,
PSTR,6,21,PSTR 6 21,T2,2,1.5,1.5,OS,NS Transplant,12,0.5,0.1,47,52,48,,,,,,5687000,6292000,5808000,,,,,,3791333.333,4194666.667,3872000,,,,,
SSID,1,2,SSID 1 2,T2,2.2,2.3,2.53,NS,NS Native,13.5,0.5,0.1,8,7,10,,,,,,1088000,952000,1360000,,,,,,430039.5257,376284.585,537549.4071,,,,,
SSID,1,12,SSID 1 12,T2,2,1,2,NS,OS Transplant,15,1,0.2,13,10,5,10,9,7,,,1976000,1520000,760000,1520000,1368000,1064000,,,988000,760000,380000,760000,684000,532000,,
SSID,1,15,SSID 1 15,T2,1.8,1.6,2.88,OS,OS Native,15,1,0.2,11,12,13,,,,,,1672000,1824000,1976000,,,,,,580555.5556,633333.3333,686111.1111,,,,,
SSID,1,21,SSID 1 21,T2,1.7,2.7,4.59,OS,NS Transplant,26,1,0.2,5,11,9,10,11,9,,,1310000,2882000,2358000,2620000,2882000,2358000,,,285403.0501,627886.7102,513725.4902,570806.1002,627886.7102,513725.4902,,
SSID,2,2,SSID 2 2,T2,1.7,1,1.7,NS,NS Native,15,1,0.2,7,6,7,,,,,,1064000,912000,1064000,,,,,,625882.3529,536470.5882,625882.3529,,,,,
SSID,2,12,SSID 2 12,T2,1.9,1.3,2.47,NS,OS Transplant,17,1,0.2,5,8,8,4,1,6,,,860000,1376000,1376000,688000,172000,1032000,,,348178.1377,557085.0202,557085.0202,278542.5101,69635.62753,417813.7652,,
SSID,2,15,SSID 2 15,T2,1.9,2,3.8,OS,OS Native,14.5,0.5,0.1,16,22,24,,,,,,2336000,3212000,3504000,,,,,,614736.8421,845263.1579,922105.2632,,,,,
SSID,3,2,SSID 3 2,T2,1.7,1.3,2.21,NS,NS Native,15,1,0.2,15,10,10,10,14,14,,,2280000,1520000,1520000,1520000,2128000,2128000,,,1031674.208,687782.8054,687782.8054,687782.8054,962895.9276,962895.9276,,
SSID,3,12,SSID 3 12,T2,1.5,1.4,2.1,NS,OS Transplant,13.5,0.5,0.1,11,16,14,12,12,11,,,1496000,2176000,1904000,1632000,1632000,1496000,,,712380.9524,1036190.476,906666.6667,777142.8571,777142.8571,712380.9524,,
SSID,3,15,SSID 3 15,T2,1.7,0.7,1.19,OS,OS Native,10,0.5,0.1,15,16,19,,,,,,1515000,1616000,1919000,,,,,,1273109.244,1357983.193,1612605.042,,,,,
SSID,3,21,SSID 3 21,T2,1.4,2.1,1.47,OS,NS Transplant,12.5,0.5,0.1,26,12,21,20,15,12,,,3276000,1512000,2646000,2520000,1890000,1512000,,,2228571.429,1028571.429,1800000,1714285.714,1285714.286,1028571.429,,
SSID,4,15,SSID 4 15,T2,1.6,1.1,1.76,OS,OS Native,16,1,0.2,7,7,8,,,,,,1134000,1134000,1296000,,,,,,644318.1818,644318.1818,736363.6364,,,,,
SSID,4,21,SSID 4 21,T2,2.2,1.8,3.96,OS,NS Transplant,12.5,0.5,0.1,15,17,17,,,,,,1890000,2142000,2142000,,,,,,477272.7273,540909.0909,540909.0909,,,,,
SSID,5,12,SSID 5 12,T2,1.1,1.2,1.32,NS,OS Transplant,10,0.5,0.1,7,14,10,5,12,10,,,707000,1414000,1010000,505000,1212000,1010000,,,535606.0606,1071212.121,765151.5152,382575.7576,918181.8182,765151.5152,,
SSID,5,15,SSID 5 15,T2,2.2,1,2.2,OS,OS Native,8.5,0.5,0.1,14,15,11,15,11,7,,,1204000,1290000,946000,1290000,946000,602000,,,547272.7273,586363.6364,430000,586363.6364,430000,273636.3636,,
SSID,5,21,SSID 5 21,T2,2.2,1,2.2,OS,NS Transplant,12.5,0.5,0.1,10,7,10,6,11,9,,,1260000,882000,1260000,756000,1386000,1134000,,,572727.2727,400909.0909,572727.2727,343636.3636,630000,515454.5455,,
SSID,6,8,SSID 6 8,T2,1.4,1.5,2.1,NS,OS Transplant,13,0.5,0.1,7,13,8,6,9,9,,,917000,1703000,1048000,786000,1179000,1179000,,,436666.6667,810952.381,499047.619,374285.7143,561428.5714,561428.5714,,
SSID,6,21,SSID 6 21,T2,2.3,0.9,2.07,OS,NS Transplant,18.5,1,0.2,11,7,6,8,10,10,,,2057000,1309000,1122000,1496000,1870000,1870000,,,993719.8068,632367.1498,542028.9855,722705.314,903381.6425,903381.6425,,
SSID,5,2,SSID 5 2,T2,1,1.2,1.2,NS,NS Native,11.5,0.5,0.1,6,8,10,11,7,10,,,696000,928000,1160000,1276000,812000,1160000,,,580000,773333.3333,966666.6667,1063333.333,676666.6667,966666.6667,,
PSTR,1,3,PSTR 1 3,T3,2.3,1.6,3.68,NS,NS Native,15,1,0.2,107,111,113,,,,,,16264000,16872000,17176000,,,,,,4419565.217,4584782.609,4667391.304,,,,,
PSTR,1,11,PSTR 1 11,T3,2.4,1,2.4,NS,OS Transplant,12.5,0.5,0.1,116,120,114,,,,,,14616000,15120000,14364000,,,,,,6090000,6300000,5985000,,,,,
PSTR,1,16,PSTR 1 16,T3,2.8,1.5,4.2,OS,OS Native,10,0.5,0.1,135,137,140,,,,,,13635000,13837000,14140000,,,,,,3246428.571,3294523.81,3366666.667,,,,,
PSTR,1,22,PSTR 1 22,T3,1.5,1.5,1.125,OS,NS Transplant,12.5,0.5,0.1,127,129,132,,,,,,16002000,16254000,16632000,,,,,,14224000,14448000,14784000,,,,,
PSTR,2,3,PSTR 2 3,T3,2,1.6,3.2,NS,NS Native,12.5,0.5,0.1,103,100,99,,,,,,12978000,12600000,12474000,,,,,,4055625,3937500,3898125,,,,,
PSTR,2,11,PSTR 2 11,T3,2.2,1.9,4.18,NS,OS Transplant,12.5,0.5,0.1,100,98,102,,,,,,12600000,12348000,12852000,,,,,,3014354.067,2954066.986,3074641.148,,,,,
PSTR,2,16,PSTR 2 16,T3,3.2,1.5,4.8,OS,OS Native,17.5,1,0.2,112,114,113,,,,,,19824000,20178000,20001000,,,,,,4130000,4203750,4166875,,,,,
PSTR,2,22,PSTR 2 22,T3,2,1.5,3,OS,NS Transplant,12.5,0.5,0.1,85,87,88,,,,,,10710000,10962000,11088000,,,,,,3570000,3654000,3696000,,,,,
PSTR,3,3,PSTR 3 3,T3,2.5,2.4,3,NS,NS Native,10,0.5,0.1,112,110,108,,,,,,11312000,11110000,10908000,,,,,,3770666.667,3703333.333,3636000,,,,,
PSTR,3,11,PSTR 3 11,T3,2.5,1.5,3.75,NS,OS Transplant,10,1,0.2,98,101,99,,,,,,9996000,10302000,10098000,,,,,,2665600,2747200,2692800,,,,,
PSTR,3,16,PSTR 3 16,T3,2.5,1.9,4.75,OS,OS Native,17.5,1,0.2,109,105,106,,,,,,19293000,18585000,18762000,,,,,,4061684.211,3912631.579,3949894.737,,,,,
PSTR,3,22,PSTR 3 22,T3,2.5,1.7,2.125,OS,NS Transplant,17.5,0.5,0.1,84,89,86,,,,,,14784000,15664000,15136000,,,,,,6957176.471,7371294.118,7122823.529,,,,,
PSTR,4,6,PSTR 4 6,T3,2.2,1.9,4.18,NS,NS Native,12.5,0.5,0.1,128,132,133,,,,,,16128000,16632000,16758000,,,,,,3858373.206,3978947.368,4009090.909,,,,,
PSTR,4,11,PSTR 4 11,T3,2.8,1,2.8,NS,OS Transplant,15,1,0.2,90,91,90,,,,,,13680000,13832000,13680000,,,,,,4885714.286,4940000,4885714.286,,,,,
PSTR,4,16,PSTR 4 16,T3,2.3,1.2,2.76,OS,OS Native,15,1,0.2,87,90,89,,,,,,13224000,13680000,13528000,,,,,,4791304.348,4956521.739,4901449.275,,,,,
PSTR,4,22,PSTR 4 22,T3,2.6,1.7,4.42,OS,NS Transplant,12.5,0.5,0.1,92,89,95,,,,,,11592000,11214000,11970000,,,,,,2622624.434,2537104.072,2708144.796,,,,,
PSTR,5,3,PSTR 5 3,T3,2,1.2,1.2,NS,NS Native,15,1,0.2,98,102,100,,,,,,14896000,15504000,15200000,,,,,,12413333.33,12920000,12666666.67,,,,,
PSTR,5,12,PSTR 5 12,T3,2,1.5,3,NS,OS Transplant,7.5,0.5,0.1,100,103,105,,,,,,7600000,7828000,7980000,,,,,,2533333.333,2609333.333,2660000,,,,,
PSTR,5,16,PSTR 5 16,T3,2.5,1,2.5,OS,OS Native,17.5,1,0.2,109,108,114,,,,,,19293000,19116000,20178000,,,,,,7717200,7646400,8071200,,,,,
PSTR,5,22,PSTR 5 22,T3,3.5,1,3.5,OS,NS Transplant,10,0.5,0.1,123,126,128,,,,,,12423000,12726000,12928000,,,,,,3549428.571,3636000,3693714.286,,,,,
PSTR,6,3,PSTR 6 3,T3,2.2,1,2.2,NS,NS Native,17.5,1,0.2,120,117,116,,,,,,21240000,20709000,20532000,,,,,,9654545.455,9413181.818,9332727.273,,,,,
PSTR,6,11,PSTR 6 11,T3,1.8,1.5,2.7,NS,OS Transplant,12.5,0.5,0.1,76,80,81,,,,,,9576000,10080000,10206000,,,,,,3546666.667,3733333.333,3780000,,,,,
PSTR,6,16,PSTR 6 16,T3,2,1.9,3.8,OS,OS Native,12.5,0.5,0.1,75,80,77,,,,,,9450000,10080000,9702000,,,,,,2486842.105,2652631.579,2553157.895,,,,,
PSTR,6,22,PSTR 6 22,T3,2.3,0.8,1.84,OS,NS Transplant,15,1,0.2,101,105,106,,,,,,15352000,15960000,16112000,,,,,,8343478.261,8673913.043,8756521.739,,,,,
SSID,1,3,SSID 1 3,T3,2,1.5,3,NS,NS Native,12.5,0.5,0.1,10,11,10,,,,,,1260000,1386000,1260000,,,,,,420000,462000,420000,,,,,
SSID,1,7,SSID 1 7,T3,1.8,1.5,2.7,NS,OS Transplant,12.5,0.5,0.1,16,19,18,,,,,,2016000,2394000,2268000,,,,,,746666.6667,886666.6667,840000,,,,,
SSID,1,16,SSID 1 16,T3,2.1,1.2,2.52,OS,OS Native,10,0.5,0.1,28,29,24,,,,,,2828000,2929000,2424000,,,,,,1122222.222,1162301.587,961904.7619,,,,,
SSID,1,22,SSID 1 22,T3,2.3,1.2,2.76,OS,NS Transplant,12.5,0.5,0.1,10,9,11,,,,,,1260000,1134000,1386000,,,,,,456521.7391,410869.5652,502173.913,,,,,
SSID,2,3,SSID 2 3,T3,1.6,1,1.6,NS,NS Native,7.5,0.5,0.1,26,22,22,,,,,,1976000,1672000,1672000,,,,,,1235000,1045000,1045000,,,,,
SSID,2,8,SSID 2 8,T3,2.4,1,2.4,NS,OS Transplant,10,0.5,0.1,13,10,9,,,,,,1313000,1010000,909000,,,,,,547083.3333,420833.3333,378750,,,,,
SSID,2,9,SSID 2 9,T3,2.2,0.7,1.54,NS,OS Transplant,12.5,0.5,0.1,8,5,6,,,,,,1008000,630000,756000,,,,,,654545.4545,409090.9091,490909.0909,,,,,
SSID,2,16,SSID 2 16,T3,2.8,2,5.6,OS,OS Native,15,1,0.2,22,24,21,,,,,,3344000,3648000,3192000,,,,,,597142.8571,651428.5714,570000,,,,,
SSID,2,22,SSID 2 22,T3,2.1,1.3,2.73,OS,NS Transplant,12.5,0.5,0.1,32,24,33,,,,,,4032000,3024000,4158000,,,,,,1476923.077,1107692.308,1523076.923,,,,,
SSID,3,3,SSID 3 3,T3,2.7,1,2.7,NS,NS Native,10,0.5,0.1,33,14,34,30,32,34,,,3333000,1414000,3434000,3030000,3232000,3434000,,,1234444.444,523703.7037,1271851.852,1122222.222,1197037.037,1271851.852,,
SSID,3,16,SSID 3 16,T3,2.2,1,2.2,OS,OS Native,15,1,0.2,15,14,12,,,,,,2280000,2128000,1824000,,,,,,1036363.636,967272.7273,829090.9091,,,,,
SSID,3,22,SSID 3 22,T3,1.8,1.7,3.06,OS,NS Transplant,15,1,0.2,20,53,26,30,34,36,,,3040000,8056000,3952000,4560000,5168000,5472000,,,993464.0523,2632679.739,1291503.268,1490196.078,1688888.889,1788235.294,,
SSID,4,5,SSID 4 5,T3,2,1.5,3,NS,NS Native,12.5,0.5,0.1,26,21,30,,,,,,3276000,2646000,3780000,,,,,,1092000,882000,1260000,,,,,
SSID,4,16,SSID 4 16,T3,1.9,1,1.9,OS,OS Native,12.5,0.5,0.1,7,6,4,,,,,,882000,756000,504000,,,,,,464210.5263,397894.7368,265263.1579,,,,,
SSID,4,22,SSID 4 22,T3,2,1.4,1.4,OS,NS Transplant,12.5,0.5,0.1,34,26,28,,,,,,4284000,3276000,3528000,,,,,,3060000,2340000,2520000,,,,,
SSID,5,3,SSID 5 3,T3,2.1,1.5,3.15,NS,NS Native,15,1,0.2,20,20,16,,,,,,3040000,3040000,2432000,,,,,,965079.3651,965079.3651,772063.4921,,,,,
SSID,5,11,SSID 5 11,T3,1.6,2,1.6,NS,OS Transplant,12.5,0.5,0.1,12,7,9,,,,,,1512000,882000,1134000,,,,,,945000,551250,708750,,,,,
SSID,5,16,SSID 5 16,T3,2,1.7,3.4,OS,OS Native,10,0.5,0.1,4,10,3,,,,,,404000,1010000,303000,,,,,,118823.5294,297058.8235,89117.64706,,,,,
SSID,5,22,SSID 5 22,T3,2,1,2,OS,NS Transplant,12.5,0.5,0.1,19,17,11,,,,,,2394000,2142000,1386000,,,,,,1197000,1071000,693000,,,,,
SSID,6,4,SSID 6 4,T3,2.2,2.9,3.19,NS,NS Native,12.5,0.5,0.1,26,28,36,,,,,,3276000,3528000,4536000,,,,,,1026959.248,1105956.113,1421943.574,,,,,
SSID,6,11,SSID 6 11,T3,2.1,0.6,1.26,NS,OS Transplant,10,0.5,0.1,10,11,7,,,,,,1010000,1111000,707000,,,,,,801587.3016,881746.0317,561111.1111,,,,,
SSID,6,16,SSID 6 16,T3,2.2,0.9,1.98,OS,OS Native,7.5,0.5,0.1,18,26,17,,,,,,1368000,1976000,1292000,,,,,,690909.0909,997979.798,652525.2525,,,,,
SSID,6,22,SSID 6 22,T3,2.5,1.5,3.75,OS,NS Transplant,10,0.5,0.1,50,58,55,,,,,,5050000,5858000,5555000,,,,,,1346666.667,1562133.333,1481333.333,,,,,
