"","timepoint","bw_date","ID","species","colony","coralID","colony_ID","home_reef","transplant_reef","collection_site","transplant_site","transplant","pale.or.bleached","partial.mortality","mortality","parent.colony.length","parent.colony.width","parent.colony.height","parent.colony.area","parent.colony.volume","bw","bw_sd","bw_se","surface.area","sa_sd","sa_se","chla","carbs_sa","carbs_dw","lipids_sa","lipids_dw","protein_dw","protein_sa","months","speciescolony","prot_mean","protlowerci","protupperci"
"1","T1","3/8/2018","PSTR 1 1","PSTR","P1","1","NSP1","NS","NS","False Caye","False Caye","NS Native","N","N","alive",19,14,8,266,2128,18.82022827,0.011547005,0.008164966,21.6277762,0.064350232,0.037152624,19289.6,NA,0.024177773,NA,0.033461586,0.017554791,0.672222222,3,"PSTR:P1",0.0458365266581076,-0.0421433175068791,0.134206886158068
"8","T1","3/7/2018","PSTR 1 8","PSTR","P1","8","NSP1","NS","OS","False Caye","Silk Cayes","OS Transplant","N","N","alive",19,14,8,266,2128,17.49384211,0,0,18.00646789,0.182722251,0.105494741,12504.8381,NA,0.021832602,NA,0.026047656,0.038483344,2.133333333,3,"PSTR:P1",0.0444385473140587,-0.0357401120340846,0.123743065492117
"15","T2","9/26/2018","PSTR 1 12","PSTR","P1","12","NSP1","NS","OS","False Caye","Silk Cayes","OS Transplant","N","N","alive",19,14,8,266,2128,32.11912664,0.01,0.007071068,26.51838546,0.029379772,0.016962419,2864.477828,0.483388894,0.040004598,1.799292896,0.148906998,0.020458116,0.695652174,9,"PSTR:P1",0.0364243304296188,-0.0453608885477892,0.11641284246249
"16","T2","9/24/2018","PSTR 1 2","PSTR","P1","2","NSP1","NS","NS","False Caye","False Caye","NS Native","N","N","alive",19,14,8,266,2128,40.95518745,0.005773503,0.004082483,34.7308298,0.068678299,0.039651434,25144.21164,0.709288994,0.015386331,1.002030298,0.021736655,0.01810892,2.375,9,"PSTR:P1",0.0244748234329385,-0.0545820735576398,0.0975499449733974
"23","T3","5/30/2019","PSTR P1 3","PSTR","P1","3","NSP1","NS","NS","False Caye","False Caye","NS Native","N","N","alive",19,14,8,266,2128,42.3595092,11.54123188,8.160883326,38.06588179,0.461536692,0.266468334,17536,0.710992471,0.014468596,0.604664519,0.012304837,0.052670221,2.588235294,17,"PSTR:P1",0.0743634575525098,0.00357960553028182,0.144835142639496
"30","T3","5/31/2019","PSTR P1 11","PSTR","P1","11","NSP1","NS","OS","False Caye","Silk Cayes","OS Transplant","N","N","alive",19,14,8,266,2128,40.20052724,0,0,34.21791706,0.28458084,0.164302824,4369.386667,0.583375449,0.01304393,0.759602282,0.016984258,0.021499432,0.961538462,17,"PSTR:P1",0.0493819858088354,-0.0296244631739365,0.126677487974981
"44","T1","3/8/2018","PSTR 2 1","PSTR","P2","1","NSP2","NS","NS","False Caye","False Caye","NS Native","N","N","alive",22,19,10,418,4180,17.31718039,0.005773503,0.004082483,19.0010463,0.388760194,0.224450803,3529.974026,NA,0.010000034,NA,0.022613471,0.055765088,2.132936508,3,"PSTR:P2",0.0458365266581076,-0.0421433175068791,0.134206886158068
"52","T1","3/7/2018","PSTR 2 9","PSTR","P2","9","NSP2","NS","OS","False Caye","Silk Cayes","OS Transplant","N","N","alive",22,19,10,418,4180,18.22192105,0,0,23.79918922,0.055220137,0.031881361,15347.74701,NA,0.018750621,NA,0.040294559,0.035610298,1.388888889,3,"PSTR:P2",0.0444385473140587,-0.0357401120340846,0.123743065492117
"58","T2","9/26/2018","PSTR 2 12","PSTR","P2","12","NSP2","NS","OS","False Caye","Silk Cayes","OS Transplant","N","N","alive",22,19,10,418,4180,32.58141981,0.01,0.007071068,26.37817148,0.066636435,0.038472564,11249.01926,1.213437238,0.152121566,13.95509037,1.749468484,0.035515221,0.868055556,9,"PSTR:P2",0.0364243304296188,-0.0453608885477892,0.11641284246249
"59","T2","9/24/2018","PSTR 2 2","PSTR","P2","2","NSP2","NS","NS","False Caye","False Caye","NS Native","N","N","alive",22,19,10,418,4180,37.72904348,0.01,0.007071068,36.30716627,0.175243783,0.101177046,20547.23232,0.63543664,0.005710674,1.637781197,0.014718753,0.02944774,2.087719298,9,"PSTR:P2",0.0244748234329385,-0.0545820735576398,0.0975499449733974
"66","T3","5/30/2019","PSTR P2 3","PSTR","P2","3","NSP2","NS","NS","False Caye","False Caye","NS Native","N","N","alive",22,19,10,418,4180,48.68080986,0.01,0.007071068,51.55212003,1.584454126,0.914785016,13152,0.72447935,0.009549856,1.406275031,0.018537069,0.067556116,5.125,17,"PSTR:P2",0.0743634575525098,0.00357960553028182,0.144835142639496
"73","T3","5/31/2019","PSTR P2 11","PSTR","P2","11","NSP2","NS","OS","False Caye","Silk Cayes","OS Transplant","N","N","alive",22,19,10,418,4180,20.00333333,0.011547005,0.008164966,25.95826828,0.494406167,0.285445534,3003.774163,2.686111639,0.068570111,NA,NA,0.122319977,4.791666667,17,"PSTR:P2",0.0493819858088354,-0.0296244631739365,0.126677487974981
"87","T1","3/8/2018","PSTR 3 1","PSTR","P3","1","NSP3","NS","NS","False Caye","False Caye","NS Native","N","N","alive",30,23,15,690,10350,18.27629597,0.005773503,0.004082483,26.45144006,0.186733498,0.107810636,12604,NA,0.013891772,NA,0.017982413,0.033474606,1.996527778,3,"PSTR:P3",0.0458365266581076,-0.0421433175068791,0.134206886158068
"93","T1","3/7/2018","PSTR 3 7","PSTR","P3","7","NSP3","NS","OS","False Caye","Silk Cayes","OS Transplant","N","N","alive",30,23,15,690,10350,17.52957968,0.005773503,0.004082483,18.04824583,0.26394005,0.152385859,4658,NA,0.011287023,NA,0.022211884,0.04875121,2.801282051,3,"PSTR:P3",0.0444385473140587,-0.0357401120340846,0.123743065492117
"101","T2","9/26/2018","PSTR 3 12","PSTR","P3","12","NSP3","NS","OS","False Caye","Silk Cayes","OS Transplant","N","N","alive",30,23,15,690,10350,25.64916885,0.005773503,0.004082483,27.16906045,0.150306367,0.086779422,6332.444444,0.586153848,0.014546884,3.158484725,0.078385752,0.048036168,1.4,9,"PSTR:P3",0.0364243304296188,-0.0453608885477892,0.11641284246249
"102","T2","9/24/2018","PSTR 3 2","PSTR","P3","2","NSP3","NS","NS","False Caye","False Caye","NS Native","N","N","alive",30,23,15,690,10350,36.68769772,0.011547005,0.008164966,30.28660205,0.12223444,0.070572087,20141.34857,0.745122458,0.012128918,6.038392952,0.098291461,0.046106247,0.890625,9,"PSTR:P3",0.0244748234329385,-0.0545820735576398,0.0975499449733974
"109","T3","5/30/2019","PSTR P3 3","PSTR","P3","3","NSP3","NS","NS","False Caye","False Caye","NS Native","N","N","alive",30,23,15,690,10350,47.62666667,0.005773503,0.004082483,32.90759524,0.308797903,0.178284552,935.2533333,0.851292169,0.013534344,2.108603659,0.033523821,0.061474541,3.866666667,17,"PSTR:P3",0.0743634575525098,0.00357960553028182,0.144835142639496
"116","T3","5/31/2019","PSTR P3 11","PSTR","P3","11","NSP3","NS","OS","False Caye","Silk Cayes","OS Transplant","N","N","alive",30,23,15,690,10350,46.00964067,0.017320508,0.012247449,29.66494874,0.363949994,0.210126627,23.38133333,0.48725946,0.011979598,0.159163034,0.003913129,0.041907385,1.704545455,17,"PSTR:P3",0.0493819858088354,-0.0296244631739365,0.126677487974981
"136","T1","3/7/2018","PSTR 4 7","PSTR","P4","7","NSP4","NS","OS","False Caye","Silk Cayes","OS Transplant","N","N","alive",19,18,10,342,3420,15.27646181,0.005773503,0.004082483,15.77549276,0.254752158,0.147081227,4407.725176,NA,0.037891936,NA,0.062137505,0.063243487,4.666666667,3,"PSTR:P4",0.0444385473140587,-0.0357401120340846,0.123743065492117
"145","T2","9/26/2018","PSTR 4 12","PSTR","P4","12","NSP4","NS","OS","False Caye","Silk Cayes","OS Transplant","N","N","alive",19,18,10,342,3420,27.98545136,0.01,0.007071068,27.04246738,0.045429867,0.026228946,9469.44,0.876693228,0.020831564,3.016868945,0.071685394,0.055621421,0.864705882,9,"PSTR:P4",0.0364243304296188,-0.0453608885477892,0.11641284246249
"158","T3","5/30/2019","PSTR P4 6","PSTR","P4","6","NSP4","NS","NS","False Caye","False Caye","NS Native","N","N","alive",19,18,10,342,3420,49.43663453,0.02,0.014142136,58.25311931,1.400240336,0.808429135,3565.933014,1.567318296,0.015083462,6.290783448,0.060540855,0.062821627,6.527777778,17,"PSTR:P4",0.0743634575525098,0.00357960553028182,0.144835142639496
"162","T3","5/31/2019","PSTR P4 11","PSTR","P4","11","NSP4","NS","OS","False Caye","Silk Cayes","OS Transplant","N","N","alive",19,18,10,342,3420,25.5524144,0.01,0.007071068,30.87847924,0.149716592,0.086438915,8517.485714,0.795102138,0.015420313,1.58879132,0.030813223,0.045908807,2.367149758,17,"PSTR:P4",0.0493819858088354,-0.0296244631739365,0.126677487974981
"176","T1","3/8/2018","PSTR 5 1","PSTR","P5","1","NSP5","NS","NS","False Caye","False Caye","NS Native","N","N","alive",19,13,9,247,2223,20.11257669,0.005773503,0.004082483,21.54909552,0.100448326,0.057993868,15383.85455,NA,0.018985414,NA,0.062349869,0.070808498,4.691876751,3,"PSTR:P5",0.0458365266581076,-0.0421433175068791,0.134206886158068
"191","T2","9/24/2018","PSTR 5 2","PSTR","P5","2","NSP5","NS","NS","False Caye","False Caye","NS Native","N","N","alive",19,13,9,247,2223,36.720035,0.011547005,0.008164966,34.89096974,0.069558799,0.040159792,11690.66667,0.931063753,0.028137619,1.818006086,0.054941847,0.022218108,1.363636364,9,"PSTR:P5",0.0244748234329385,-0.0545820735576398,0.0975499449733974
"199","T3","5/30/2019","PSTR P5 3","PSTR","P5","3","NSP5","NS","NS","False Caye","False Caye","NS Native","N","N","alive",19,13,9,247,2223,54.51795775,0.011547005,0.008164966,44.03151119,0.603315466,0.348324347,876.8,1.585294269,0.019172627,3.703645015,0.044792064,0.082168392,6.794117647,17,"PSTR:P5",0.0743634575525098,0.00357960553028182,0.144835142639496
"228","T1","3/7/2018","PSTR 6 7","PSTR","P6","7","NSP6","NS","OS","False Caye","Silk Cayes","OS Transplant","N","N","alive",20,18,15,360,5400,18.18265845,0.005773503,0.004082483,24.95794691,0.363857294,0.210073106,3531.112727,NA,0.07925894,NA,0.223395276,0.031794761,2.254428341,3,"PSTR:P6",0.0444385473140587,-0.0357401120340846,0.123743065492117
"237","T2","9/26/2018","PSTR 6 12","PSTR","P6","12","NSP6","NS","OS","False Caye","Silk Cayes","OS Transplant","Y","N","alive",20,18,15,360,5400,15.2562228,0.005773503,0.004082483,18.30209316,0.02590693,0.014957373,6172.672,1.014929518,0.013918124,0.410626051,0.005631075,0.026830272,1.736111111,9,"PSTR:P6",0.0364243304296188,-0.0453608885477892,0.11641284246249
"238","T2","9/24/2018","PSTR 6 2","PSTR","P6","2","NSP6","NS","NS","False Caye","False Caye","NS Native","N","N","alive",20,18,15,360,5400,27.29151356,0.011547005,0.008164966,30.24270743,0.121192571,0.069970564,11432.78431,1.59746501,0.030370954,6.496078125,0.12350323,0.019834344,1.5625,9,"PSTR:P6",0.0244748234329385,-0.0545820735576398,0.0975499449733974
"246","T3","5/30/2019","PSTR P6 3","PSTR","P6","3","NSP6","NS","NS","False Caye","False Caye","NS Native","N","N","alive",20,18,15,360,5400,42.75166375,0.02081666,0.014719601,39.40232997,0.250566699,0.144664751,30927.12727,0.824165189,0.022946595,1.432562868,0.039885741,0.11136891,4,17,"PSTR:P6",0.0743634575525098,0.00357960553028182,0.144835142639496
"253","T3","5/31/2019","PSTR P6 11","PSTR","P6","11","NSP6","NS","OS","False Caye","Silk Cayes","OS Transplant","N","Y","alive",20,18,15,360,5400,17.41333333,0.015275252,0.010801234,29.45640549,0.128712549,0.074312225,5013.997037,1.06892806,0.042679634,NA,NA,0.016692102,0.418060201,17,"PSTR:P6",0.0493819858088354,-0.0296244631739365,0.126677487974981
"267","T1","3/6/2018","PSTR 1 14","PSTR","P1","14","OSP1","OS","OS","Silk Cayes","Silk Cayes","OS Native","N","N","alive",20,16,14,320,4480,19.66415425,0.005773503,0.004082483,30.07505409,0.184999167,0.106809319,9552.944762,NA,0.015406977,NA,0.034507264,0.022139033,1.666666667,3,"PSTR:P1",0.0174640659586696,-0.0659992593236258,0.106350733581821
"273","T1","3/9/2018","PSTR 1 20","PSTR","P1","20","OSP1","OS","NS","Silk Cayes","False Caye","NS Transplant","N","N","alive",20,16,14,320,4480,10.87882662,0.005773503,0.004082483,16.79606301,0.055323428,0.031940996,13687.82222,NA,0.023674456,NA,0.045483108,0.044120032,1.851851852,3,"PSTR:P1",0.0387434656273042,-0.0389197861074728,0.120378420980944
"279","T2","9/26/2018","PSTR 1 15","PSTR","P1","15","OSP1","OS","OS","Silk Cayes","Silk Cayes","OS Native","N","N","alive",20,16,14,320,4480,23.35423581,0.015275252,0.010801234,24.75210109,0.03585523,0.020701026,20564.94545,1.612605896,0.044624169,2.259534713,0.062526038,0.041006344,1.298701299,9,"PSTR:P1",0.0281536529720741,-0.0593685380451568,0.114221358377399
"284","T2","9/25/2018","PSTR 1 21","PSTR","P1","21","OSP1","OS","NS","Silk Cayes","False Caye","NS Transplant","N","N","alive",20,16,14,320,4480,29.95294118,0.005773503,0.004082483,29.44166611,0.125461034,0.072434961,9742.222222,0.593359369,0.017788218,2.937045213,0.088049172,0.039809558,1.414285714,9,"PSTR:P1",0.0457714487019613,-0.0304305378392693,0.127714919518217
"289","T3","5/31/2019","PSTR P1 16","PSTR","P1","16","OSP1","OS","OS","Silk Cayes","Silk Cayes","OS Native","N","N","alive",20,16,14,320,4480,39.88498683,0.01,0.007071068,43.52751309,0.258128649,0.149030645,10605.10476,1.079902588,0.015108126,0.800155761,0.011194393,0.042361835,3.027950311,17,"PSTR:P1",0.0432275126960377,-0.027762553958014,0.110012192935561
"293","T3","5/29/2019","PSTR P1 22","PSTR","P1","22","OSP1","OS","NS","Silk Cayes","False Caye","NS Transplant","N","Y","alive",20,16,14,320,4480,19.8169163,0.01,0.007071068,19.4797569,0.080153478,0.046276632,13233.83467,0.604448862,0.011712254,0.651767513,0.012629136,0.058211663,3.004201681,17,"PSTR:P1",0.0586230040216308,-0.0158543694829913,0.13300047892768
"336","T3","5/31/2019","PSTR P2 16","PSTR","P2","16","OSP2","OS","OS","Silk Cayes","Silk Cayes","OS Native","N","N","alive",15,13,8,195,1560,27.59666667,0.005773503,0.004082483,36.05107194,0.131059087,0.075666999,5480,1.54933049,0.019120062,0.563457418,0.006953546,0.056459409,4.575,17,"PSTR:P2",0.0432275126960377,-0.027762553958014,0.110012192935561
"342","T3","5/29/2019","PSTR P2 22","PSTR","P2","22","OSP2","OS","NS","Silk Cayes","False Caye","NS Transplant","N","N","alive",15,13,8,195,1560,38.03666667,0.005773503,0.004082483,26.14435119,0.178811674,0.103236968,10696.96,0.713387204,0.012955169,0.513976888,0.009333862,0.069916312,3.85,17,"PSTR:P2",0.0586230040216308,-0.0158543694829913,0.13300047892768
"364","T1","3/9/2018","PSTR 3 20","PSTR","P3","20","OSP3","OS","NS","Silk Cayes","False Caye","NS Transplant","N","N","alive",10,8,8,80,640,7.16739245,0,0,9.820865809,0.20826624,0.12024257,7550.222222,NA,0.018722408,NA,0.041547414,0.042017418,2.179487179,3,"PSTR:P3",0.0387434656273042,-0.0389197861074728,0.120378420980944
"376","T2","9/25/2018","PSTR 3 21","PSTR","P3","21","OSP3","OS","NS","Silk Cayes","False Caye","NS Transplant","N","N","alive",10,8,8,80,640,7.819614711,0.011547005,0.008164966,10.67735066,0.081978788,0.047330475,6251.965217,1.452153139,0.019539343,1.398419263,0.018816331,0.062099322,1.904761905,9,"PSTR:P3",0.0457714487019613,-0.0304305378392693,0.127714919518217
"383","T3","5/31/2019","PSTR P3 16","PSTR","P3","16","OSP3","OS","OS","Silk Cayes","Silk Cayes","OS Native","N","N","alive",10,8,8,80,640,22.18224956,0.005773503,0.004082483,24.47737709,0.134871442,0.077868063,110.7536842,0.6740638,0.006715197,0.59784502,0.005955886,0.029886772,3,17,"PSTR:P3",0.0432275126960377,-0.027762553958014,0.110012192935561
"387","T3","5/29/2019","PSTR P3 22","PSTR","P3","22","OSP3","OS","NS","Silk Cayes","False Caye","NS Transplant","Y","N","alive",10,8,8,80,640,23.05977213,0.01,0.007071068,21.70459836,0.118237953,0.068264714,6444.995765,0.550019789,0.011232132,NA,NA,0.048366294,2.368421053,17,"PSTR:P3",0.0586230040216308,-0.0158543694829913,0.13300047892768
"403","T1","3/6/2018","PSTR 4 14","PSTR","P4","14","OSP4","OS","OS","Silk Cayes","Silk Cayes","OS Native","N","N","alive",26,13,13,338,4394,17.04167838,0.005773503,0.004082483,15.59566509,0.238331493,0.137600751,3033.484444,NA,0.017035311,NA,0.045754113,0.024342049,1.3671875,3,"PSTR:P4",0.0174640659586696,-0.0659992593236258,0.106350733581821
"409","T1","3/9/2018","PSTR 4 20","PSTR","P4","20","OSP4","OS","NS","Silk Cayes","False Caye","NS Transplant","N","N","alive",26,13,13,338,4394,16.34354386,0.011547005,0.008164966,24.62548032,0.05503764,0.031775996,21509.7442,NA,0.01446421,NA,0.015174869,0.040697747,2.583333333,3,"PSTR:P4",0.0387434656273042,-0.0389197861074728,0.120378420980944
"415","T2","9/26/2018","PSTR 4 15","PSTR","P4","15","OSP4","OS","OS","Silk Cayes","Silk Cayes","OS Native","N","N","alive",26,13,13,338,4394,20.75641476,0.01,0.007071068,21.06898191,0.107527472,0.062081015,3631.191919,0.615890959,0.035392121,2.016020762,0.115850458,0.036783479,0.961538462,9,"PSTR:P4",0.0281536529720741,-0.0593685380451568,0.114221358377399
"420","T2","9/25/2018","PSTR 4 21","PSTR","P4","21","OSP4","OS","NS","Silk Cayes","False Caye","NS Transplant","N","N","alive",26,13,13,338,4394,22.91373239,0.005773503,0.004082483,23.2267468,0.029768336,0.017186757,10260.27922,0.731655244,0.01151817,1.522372727,0.023966135,0.087301587,1.458333333,9,"PSTR:P4",0.0457714487019613,-0.0304305378392693,0.127714919518217
"425","T3","5/31/2019","PSTR P4 16","PSTR","P4","16","OSP4","OS","OS","Silk Cayes","Silk Cayes","OS Native","N","N","alive",26,13,13,338,4394,29.85905097,0.005773503,0.004082483,38.02209149,0.101965097,0.058869576,6480.695652,1.361079904,0.014377402,1.798049465,0.018993213,0.05154857,4.88,17,"PSTR:P4",0.0432275126960377,-0.027762553958014,0.110012192935561
"429","T3","5/29/2019","PSTR P4 22","PSTR","P4","22","OSP4","OS","NS","Silk Cayes","False Caye","NS Transplant","N","N","alive",26,13,13,338,4394,22.76660808,0.005773503,0.004082483,20.85224473,0.219155342,0.126529396,2995.402715,0.420187794,0.010651667,0.231344195,0.005864524,0.053255833,2.100840336,17,"PSTR:P4",0.0586230040216308,-0.0158543694829913,0.13300047892768
"446","T1","3/6/2018","PSTR 5 14","PSTR","P5","14","OSP5","OS","OS","Silk Cayes","Silk Cayes","OS Native","N","N","alive",19,17,13,323,4199,17.03348472,0.011547005,0.008164966,32.59783056,0.431139293,0.248918387,1130.097778,NA,0.034557327,NA,0.08306774,0.024503577,1.367521368,3,"PSTR:P5",0.0174640659586696,-0.0659992593236258,0.106350733581821
"452","T1","3/9/2018","PSTR 5 20","PSTR","P5","20","OSP5","OS","NS","Silk Cayes","False Caye","NS Transplant","N","N","alive",19,17,13,323,4199,14.89666667,0.005773503,0.004082483,22.77938704,0.192493543,0.111136199,29387.78531,NA,0.027009251,NA,0.08469031,0.053765073,2.582644628,3,"PSTR:P5",0.0387434656273042,-0.0389197861074728,0.120378420980944
"458","T2","9/26/2018","PSTR 5 15","PSTR","P5","15","OSP5","OS","OS","Silk Cayes","Silk Cayes","OS Native","N","N","alive",19,17,13,323,4199,21.68943662,0.015275252,0.010801234,20.14444189,0.103265967,0.059620634,11495.82222,0.84532756,0.024472692,3.101522352,0.089790756,0.023299318,0.41025641,9,"PSTR:P5",0.0281536529720741,-0.0593685380451568,0.114221358377399
"463","T2","9/25/2018","PSTR 5 21","PSTR","P5","21","OSP5","OS","NS","Silk Cayes","False Caye","NS Transplant","N","N","alive",19,17,13,323,4199,22.76986784,0.01,0.007071068,25.52979367,0.092662977,0.053498995,4926.021818,1.187180219,0.047251809,0.024463963,0.000973708,0.016223653,1.26953125,9,"PSTR:P5",0.0457714487019613,-0.0304305378392693,0.127714919518217
"468","T3","5/31/2019","PSTR P5 16","PSTR","P5","16","OSP5","OS","OS","Silk Cayes","Silk Cayes","OS Native","N","N","alive",19,17,13,323,4199,42.82333333,0.005773503,0.004082483,45.17950472,0.252292792,0.145661311,10381.312,1.10108108,0.018436551,1.595886622,0.026721597,0.044238527,2.642045455,17,"PSTR:P5",0.0432275126960377,-0.027762553958014,0.110012192935561
"472","T3","5/29/2019","PSTR P5 22","PSTR","P5","22","OSP5","OS","NS","Silk Cayes","False Caye","NS Transplant","N","N","alive",19,17,13,323,4199,46.02036874,0,0,41.04942185,0.202426305,0.116870882,801.6457143,1.105970685,0.016247566,0.274302418,0.004029715,0.054431203,3.705128205,17,"PSTR:P5",0.0586230040216308,-0.0158543694829913,0.13300047892768
"489","T1","3/6/2018","PSTR 6 14","PSTR","P6","14","OSP6","OS","OS","Silk Cayes","Silk Cayes","OS Native","N","N","alive",19,12,11.5,228,2622,14.00768014,0.01,0.007071068,13.48032075,0.275481921,0.159049562,8711.064935,NA,0.171302131,NA,0.178109554,0.00431987,0.277777778,3,"PSTR:P6",0.0174640659586696,-0.0659992593236258,0.106350733581821
"495","T1","3/9/2018","PSTR 6 20","PSTR","P6","20","OSP6","OS","NS","Silk Cayes","False Caye","NS Transplant","N","N","alive",19,12,11.5,228,2622,21.11524059,0.005773503,0.004082483,31.04190093,0.121247236,0.070002124,12492.48108,NA,0.047833674,NA,0.066661594,0.02229809,1.483134921,3,"PSTR:P6",0.0387434656273042,-0.0389197861074728,0.120378420980944
"501","T2","9/26/2018","PSTR 6 15","PSTR","P6","15","OSP6","OS","OS","Silk Cayes","Silk Cayes","OS Native","N","N","alive",19,12,11.5,228,2622,49.55930131,0.011547005,0.008164966,40.31544748,0.058876421,0.033992317,12027.89744,1.000840219,0.065317028,NA,NA,0.018596522,2.309027778,9,"PSTR:P6",0.0281536529720741,-0.0593685380451568,0.114221358377399
"506","T2","9/25/2018","PSTR 6 21","PSTR","P6","21","OSP6","OS","NS","Silk Cayes","False Caye","NS Transplant","N","N","alive",19,12,11.5,228,2622,17.61153846,0.005773503,0.004082483,20.82433621,0.014439006,0.008336364,29226.66667,0.597023522,0.0218119,NA,NA,0.030008439,0.939814815,9,"PSTR:P6",0.0457714487019613,-0.0304305378392693,0.127714919518217
"511","T3","5/31/2019","PSTR P6 16","PSTR","P6","16","OSP6","OS","OS","Silk Cayes","Silk Cayes","OS Native","N","N","alive",19,12,11.5,228,2622,15.09009641,0.005773503,0.004082483,18.5430893,0.276770565,0.15979356,3844.075789,1.307197244,0.040717018,1.919764854,0.059797479,0.041531114,1.333333333,17,"PSTR:P6",0.0432275126960377,-0.027762553958014,0.110012192935561
"515","T3","5/29/2019","PSTR P6 22","PSTR","P6","22","OSP6","OS","NS","Silk Cayes","False Caye","NS Transplant","N","N","alive",19,12,11.5,228,2622,32.15333333,0.015275252,0.010801234,23.31771006,0.200019505,0.115481315,19823.30435,0.659477016,0.01609588,0.57927282,0.014138333,0.072321419,2.963137996,17,"PSTR:P6",0.0586230040216308,-0.0158543694829913,0.13300047892768
"545","T1","3/8/2018","SSID 1 1","SSID","S1","1","NSS1","NS","NS","False Caye","False Caye","NS Native","N","N","alive",22,18,15,396,5940,30.07333333,0.005773503,0.004082483,23.7442567,0.247820756,0.14307938,4630.6,NA,0.018836593,NA,0.007599249,0.036944409,2.541666667,3,"SSID:S1",0.0393166049067138,-0.0467340869049362,0.126393820338618
"559","T2","9/26/2018","SSID 1 12","SSID","S1","12","NSS1","NS","OS","False Caye","Silk Cayes","OS Transplant","N","N","alive",22,18,15,396,5940,34.25319335,0.02081666,0.014719601,14.33381233,0.163078491,0.09415341,5900.864,1.917261684,0.03245849,0.566685134,0.009593757,0.112560157,4.536231884,9,"SSID:S1",0.127715689092759,0.0515224519759136,0.203089622775878
"560","T2","9/24/2018","SSID 1 2","SSID","S1","2","NSS1","NS","NS","False Caye","False Caye","NS Native","N","N","alive",22,18,15,396,5940,21.87333333,0.005773503,0.004082483,18.79954531,0.110978459,0.064073443,3583.443478,1.479601521,0.035660798,3.870663372,0.09328927,0.084882102,4.658703704,9,"SSID:S1",0.140545553063975,0.0537095475981483,0.221876123681182
"568","T3","5/30/2019","SSID S1 3","SSID","S1","3","NSS1","NS","NS","False Caye","False Caye","NS Native","N","N","alive",22,18,15,396,5940,31.59104478,0.005773503,0.004082483,17.29494176,0.203593622,0.117544833,4296.32,1.510889439,0.027245051,0.282691595,0.005097624,0.018032458,1,17,"SSID:S1",0.0250230565653424,-0.0447797021068659,0.0933033968998442
"572","T3","5/31/2019","SSID S1 7","SSID","S1","7","NSS1","NS","OS","False Caye","Silk Cayes","OS Transplant","N","Y","alive",22,18,15,396,5940,24.00105356,0.02,0.014142136,16.75578782,0.31732242,0.183206185,1539.271111,2.229272086,0.021844439,0.725755761,0.007111616,0.013771618,1.40542328,17,"SSID:S1",0.0191976963419355,-0.0595276688723579,0.0988532243958673
"587","T1","3/8/2018","SSID 2 1","SSID","S2","1","NSS2","NS","NS","False Caye","False Caye","NS Native","N","N","alive",23,21,15,483,7245,30.25677788,0,0,25.71014441,0.219268043,0.126594464,3586.909091,NA,0.032082411,NA,0.037775798,0.031609131,2.046783626,3,"SSID:S2",0.0393166049067138,-0.0467340869049362,0.126393820338618
"601","T2","9/26/2018","SSID 2 12","SSID","S2","12","NSS2","NS","OS","False Caye","Silk Cayes","OS Transplant","N","Y","alive",23,21,15,483,7245,25.18124452,0.005773503,0.004082483,17.88766047,0.07588832,0.043814142,2946.331984,1.31341048,0.022259404,1.007175407,0.017069396,0.14152276,4.34169279,9,"SSID:S2",0.127715689092759,0.0515224519759136,0.203089622775878
"602","T2","9/24/2018","SSID 2 2","SSID","S2","2","NSS2","NS","NS","False Caye","False Caye","NS Native","N","N","alive",23,21,15,483,7245,24.4338326,0.015275252,0.010801234,24.84455297,0.049809463,0.028757507,7509.534118,0.882486875,0.021691688,1.954187287,0.048034279,0.184028692,2.770526316,9,"SSID:S2",0.140545553063975,0.0537095475981483,0.221876123681182
"610","T3","5/30/2019","SSID S2 3","SSID","S2","3","NSS2","NS","NS","False Caye","False Caye","NS Native","N","N","alive",23,21,15,483,7245,39.53666667,0.02081666,0.014719601,31.38986692,0.486770977,0.281037355,4066.16,1.015588767,0.020047812,0.292218672,0.005768423,0.009870044,0.5,17,"SSID:S2",0.0250230565653424,-0.0447797021068659,0.0933033968998442
"615","T3","5/31/2019","SSID S2 8","SSID","S2","8","NSS2","NS","OS","False Caye","Silk Cayes","OS Transplant","N","N","alive",23,21,15,483,7245,44.59244952,0.015275252,0.010801234,30.85787547,0.060953882,0.03519174,1117.92,1.076557522,0.03618213,0.454280853,0.015267971,0.021966732,0.653594771,17,"SSID:S2",0.0191976963419355,-0.0595276688723579,0.0988532243958673
"616","T3","5/31/2019","SSID S2 9","SSID","S2","9","NSS2","NS","OS","False Caye","Silk Cayes","OS Transplant","N","Y","alive",23,21,15,483,7245,32.75539947,0.02081666,0.014719601,25.37711402,0.148653662,0.085825232,2004.114286,1.500553408,0.0369692,1.590867124,0.039194263,0.018323801,0.74375,17,"SSID:S2",0.0191976963419355,-0.0595276688723579,0.0988532243958673
"632","T1","3/8/2018","SSID 3 1","SSID","S3","1","NSS3","NS","NS","False Caye","False Caye","NS Native","N","N","alive",26,15,9,390,3510,32.45436842,0,0,23.79647896,0.077639602,0.044825245,1985.480992,NA,0.032516565,NA,0.056888562,0.033326789,2.233379501,3,"SSID:S3",0.0393166049067138,-0.0467340869049362,0.126393820338618
"638","T1","3/7/2018","SSID 3 7","SSID","S3","7","NSS3","NS","OS","False Caye","Silk Cayes","OS Transplant","Y","Y","alive",26,15,9,390,3510,23.32460999,0.005773503,0.004082483,18.58700664,0.173113091,0.09994689,1698.18624,NA,0.038612936,NA,0.046885064,0.029457874,2.083333333,3,"SSID:S3",0.0919642428790704,0.00535113971619817,0.174476236433422
"646","T2","9/26/2018","SSID 3 12","SSID","S3","12","NSS3","NS","OS","False Caye","Silk Cayes","OS Transplant","Y","N","alive",26,15,9,390,3510,31.46906223,0.005773503,0.004082483,22.79991918,0.074775219,0.043171493,3432.045714,2.375377667,0.054242687,NA,NA,0.140927156,4.91873706,9,"SSID:S3",0.127715689092759,0.0515224519759136,0.203089622775878
"647","T2","9/24/2018","SSID 3 2","SSID","S3","2","NSS3","NS","NS","False Caye","False Caye","NS Native","N","N","alive",26,15,9,390,3510,31.97252843,0.011547005,0.008164966,21.98787061,0.203688848,0.117599811,7434.946606,0.846838254,0.029630914,0.866475979,0.030318039,0.129084867,2.014355742,9,"SSID:S3",0.140545553063975,0.0537095475981483,0.221876123681182
"655","T3","5/30/2019","SSID S3 3","SSID","S3","3","NSS3","NS","NS","False Caye","False Caye","NS Native","N","N","alive",26,15,9,390,3510,65.64333333,0.005773503,0.004082483,49.98054827,0.174067474,0.100497903,2214.731852,2.180300795,0.02696214,0.438056141,0.005417111,0.028090572,2.271551724,17,"SSID:S3",0.0250230565653424,-0.0447797021068659,0.0933033968998442
"680","T1","3/7/2018","SSID 4 8","SSID","S4","8","NSS4","NS","OS","False Caye","Silk Cayes","OS Transplant","N","Y","alive",20,18,17,360,6120,11.21374561,0.005773503,0.004082483,13.2702863,0.347886669,0.200852462,1000.349091,NA,0.031007162,NA,0.043719427,0.044844149,2.592592593,3,"SSID:S4",0.0919642428790704,0.00535113971619817,0.174476236433422
"700","T3","5/30/2019","SSID S4 5","SSID","S4","5","NSS4","NS","NS","False Caye","False Caye","NS Native","N","N","alive",20,18,17,360,6120,26.82333333,0.011547005,0.008164966,26.87185768,0.319707703,0.184583328,344.8746667,3.485080034,0.034520678,3.127907469,0.030982786,0.034647655,3.49789916,17,"SSID:S4",0.0250230565653424,-0.0447797021068659,0.0933033968998442
"718","T1","3/8/2018","SSID 5 1","SSID","S5","1","NSS5","NS","NS","False Caye","False Caye","NS Native","N","N","alive",30,22,17,660,11220,26.16666667,0.005773503,0.004082483,25.26782373,0.109081689,0.062978343,2118.933333,NA,0.043739545,NA,0.065808503,0.054040308,3.921568627,3,"SSID:S5",0.0393166049067138,-0.0467340869049362,0.126393820338618
"727","T1","3/7/2018","SSID 5 10","SSID","S5","10","NSS5","NS","OS","False Caye","Silk Cayes","OS Transplant","N","Y","alive",30,22,17,660,11220,24.97742982,0.005773503,0.004082483,18.92757845,0.25834532,0.14915574,1793.393231,NA,0.026273718,NA,0.041367324,0.045379359,3.277777778,3,"SSID:S5",0.0919642428790704,0.00535113971619817,0.174476236433422
"731","T2","9/26/2018","SSID 5 12","SSID","S5","12","NSS5","NS","OS","False Caye","Silk Cayes","OS Transplant","N","N","alive",30,22,17,660,11220,16.94666667,0.011547005,0.008164966,14.76764746,0.049655546,0.028668643,4649.69697,2.788747037,0.050088921,2.304782619,0.041396395,0.229207885,8.05,9,"SSID:S5",0.127715689092759,0.0515224519759136,0.203089622775878
"732","T2","9/24/2018","SSID 5 2","SSID","S5","2","NSS5","NS","NS","False Caye","False Caye","NS Native","N","N","alive",30,22,17,660,11220,29.7943958,0.005773503,0.004082483,21.97686104,0.089098576,0.051441087,5216.96,1.814895997,0.049543872,1.109785373,0.030295435,0.166226234,5.605785124,9,"SSID:S5",0.140545553063975,0.0537095475981483,0.221876123681182
"740","T3","5/30/2019","SSID S5 3","SSID","S5","3","NSS5","NS","NS","False Caye","False Caye","NS Native","N","N","alive",30,22,17,660,11220,21.33666667,0.011547005,0.008164966,34.29888664,0.123042882,0.071038841,2360.40127,2.176501783,0.036199832,1.190907463,0.019807312,0.034710505,2.086956522,17,"SSID:S5",0.0250230565653424,-0.0447797021068659,0.0933033968998442
"746","T3","5/31/2019","SSID S5 11","SSID","S5","11","NSS5","NS","OS","False Caye","Silk Cayes","OS Transplant","N","Y","alive",30,22,17,660,11220,12.68112379,0,0,16.27161334,0.051845656,0.029933104,1841.28,1.656374217,0.029182069,0.72439451,0.012762412,0.020682048,1.173913043,17,"SSID:S5",0.0191976963419355,-0.0595276688723579,0.0988532243958673
"766","T1","3/7/2018","SSID 6 7","SSID","S6","7","NSS6","NS","OS","False Caye","Silk Cayes","OS Transplant","Y","N","alive",35,20,18,700,12600,25.53524934,0,0,26.866438,0.196543403,0.113474387,2112.290909,NA,0.100539158,NA,0.126894932,0.256371327,10.41666667,3,"SSID:S6",0.0919642428790704,0.00535113971619817,0.174476236433422
"781","T2","9/26/2018","SSID 6 8","SSID","S6","8","NSS6","NS","OS","False Caye","Silk Cayes","OS Transplant","N","Y","alive",35,20,18,700,12600,19.72143482,0.005773503,0.004082483,18.3981769,0.157069874,0.090684334,2613.699048,1.809994947,0.150895786,NA,NA,0.010289539,3.103090278,9,"SSID:S6",0.127715689092759,0.0515224519759136,0.203089622775878
"786","T3","5/30/2019","SSID S6 4","SSID","S6","4","NSS6","NS","NS","False Caye","False Caye","NS Native","N","N","alive",35,20,18,700,12600,21.73093777,0,0,14.16873608,0.421189747,0.243174014,4348.268339,2.006438949,0.031893298,0.412551813,0.006557707,0.020786389,1.307692308,17,"SSID:S6",0.0250230565653424,-0.0447797021068659,0.0933033968998442
"790","T3","5/31/2019","SSID S6 11","SSID","S6","11","NSS6","NS","OS","False Caye","Silk Cayes","OS Transplant","N","Y","alive",35,20,18,700,12600,16.56119403,0.005773503,0.004082483,11.49139798,0.094718543,0.054685776,2031.949206,1.11317791,0.050041878,0.18114572,0.008143237,0.020806157,0.462831439,17,"SSID:S6",0.0191976963419355,-0.0595276688723579,0.0988532243958673
"804","T1","3/6/2018","SSID 1 14","SSID","S1","14","OSS1","OS","OS","Silk Cayes","Silk Cayes","OS Native","Y","N","alive",18,14,9,252,2268,22.82628722,0.005773503,0.004082483,21.26683737,0.290139601,0.167512177,552.5129412,NA,0.028337648,NA,0.016757788,0.018904631,1.114081996,3,"SSID:S1",0.0928376001498973,0.0117103681783558,0.171444366117291
"810","T1","3/9/2018","SSID 1 20","SSID","S1","20","OSS1","OS","NS","Silk Cayes","False Caye","NS Transplant","N","N","alive",18,14,9,252,2268,12.80333333,0.005773503,0.004082483,14.58922358,0.067927801,0.039218134,4344.049564,NA,0.039643893,NA,0.023621575,0.031173722,1.822612086,3,"SSID:S1",0.0209800082119547,-0.0545602544517397,0.0964759133796395
"816","T2","9/26/2018","SSID 1 15","SSID","S1","15","OSS1","OS","OS","Silk Cayes","Silk Cayes","OS Native","N","N","alive",18,14,9,252,2268,13.59947461,0.005773503,0.004082483,15.78762013,0.041895864,0.024188588,2453.822222,1.813996144,0.040606611,1.356764252,0.030371398,0.113322344,4.015767974,9,"SSID:S1",0.193047165230291,0.113454718593435,0.26857497118777
"821","T2","9/25/2018","SSID 1 21","SSID","S1","21","OSS1","OS","NS","Silk Cayes","False Caye","NS Transplant","N","N","alive",18,14,9,252,2268,33.71581722,0.011547005,0.008164966,30.36508786,0.100255873,0.057882755,4355.346405,1.374657626,0.025280777,1.426516497,0.026234492,0.075025592,4.397333333,9,"SSID:S1",0.129316706012672,0.051088600925654,0.205605107297103
"826","T3","5/31/2019","SSID S1 16","SSID","S1","16","OSS1","OS","OS","Silk Cayes","Silk Cayes","OS Native","N","N","alive",18,14,9,252,2268,22.27954346,0,0,16.8705172,0.177963178,0.102747089,1697.930159,1.224564722,0.030016215,0.25508622,0.006252608,0.016312792,0.665509259,17,"SSID:S1",0.018282613812905,-0.0552428688510355,0.088539046464186
"830","T3","5/29/2019","SSID S1 22","SSID","S1","22","OSS1","OS","NS","Silk Cayes","False Caye","NS Transplant","N","N","alive",18,14,9,252,2268,31.55869947,0.005773503,0.004082483,1.375964897,0.017591082,0.010156216,4034.550725,1.637942617,0.021180715,1.027126081,0.013282068,0.029334877,2.268518519,17,"SSID:S1",0.0303053672958371,-0.0410856516886069,0.101445584525726
"846","T1","3/6/2018","SSID 2 14","SSID","S2","14","OSS2","OS","OS","Silk Cayes","Silk Cayes","OS Native","Y","N","alive",13,10,14,130,1820,27.1671979,0.005773503,0.004082483,21.61660027,0.124840962,0.072076963,378.7537415,NA,0.039715524,NA,0.060307141,0.01770334,2.5390625,3,"SSID:S2",0.0928376001498973,0.0117103681783558,0.171444366117291
"858","T2","9/26/2018","SSID 2 15","SSID","S2","15","OSS2","OS","OS","Silk Cayes","Silk Cayes","OS Native","N","N","alive",13,10,14,130,1820,31.52394366,0.005773503,0.004082483,21.46554475,0.036441579,0.021039556,3687.174737,0.649985889,0.016099074,1.704211708,0.0422105,0.167112831,5.120909091,9,"SSID:S2",0.193047165230291,0.113454718593435,0.26857497118777
"869","T3","5/31/2019","SSID S2 16","SSID","S2","16","OSS2","OS","OS","Silk Cayes","Silk Cayes","OS Native","N","N","alive",13,10,14,130,1820,32.04143986,0.005773503,0.004082483,35.97528099,0.283443218,0.163646018,951.9542857,1.767956537,0.027814755,1.070239985,0.01683778,0.019423104,1.234567901,17,"SSID:S2",0.018282613812905,-0.0552428688510355,0.088539046464186
"875","T3","5/29/2019","SSID S2 22","SSID","S2","22","OSS2","OS","NS","Silk Cayes","False Caye","NS Transplant","N","N","alive",13,10,14,130,1820,53.61666667,0.005773503,0.004082483,29.8305141,0.481925896,0.278240046,4252.319414,1.83861653,0.033440451,0.282490256,0.005137886,0.034298177,1.885775862,17,"SSID:S2",0.0303053672958371,-0.0410856516886069,0.101445584525726
"892","T1","3/6/2018","SSID 3 14","SSID","S3","14","OSS3","OS","OS","Silk Cayes","Silk Cayes","OS Native","N","Y","alive",25,21,13,525,6825,14.89094654,0.005773503,0.004082483,14.10209228,0.236899519,0.136774001,610.0022857,NA,0.012306993,NA,0.013952452,0.200546576,16.65674603,3,"SSID:S3",0.0928376001498973,0.0117103681783558,0.171444366117291
"898","T1","3/9/2018","SSID 3 20","SSID","S3","20","OSS3","OS","NS","Silk Cayes","False Caye","NS Transplant","N","Y","alive",25,21,13,525,6825,14.96717544,0.005773503,0.004082483,15.59612654,0.217172538,0.125384623,681.9555556,NA,0.032694015,NA,0.023061268,0.008692908,0.532407407,3,"SSID:S3",0.0209800082119547,-0.0545602544517397,0.0964759133796395
"904","T2","9/26/2018","SSID 3 15","SSID","S3","15","OSS3","OS","OS","Silk Cayes","Silk Cayes","OS Native","N","N","alive",25,21,13,525,6825,14.45333333,0.005773503,0.004082483,10.1276444,0.053730141,0.031021111,5201.855462,2.514702875,0.053723401,NA,NA,0.251887451,8.372,9,"SSID:S3",0.193047165230291,0.113454718593435,0.26857497118777
"909","T2","9/25/2018","SSID 3 21","SSID","S3","21","OSS3","OS","NS","Silk Cayes","False Caye","NS Transplant","N","N","alive",25,21,13,525,6825,17.83128295,0.01,0.007071068,20.64944691,0.05857256,0.033816883,3888.936054,0.914257944,0.021376939,0.484224803,0.011322017,0.213154821,7.098055556,9,"SSID:S3",0.129316706012672,0.051088600925654,0.205605107297103
"914","T3","5/31/2019","SSID S3 16","SSID","S3","16","OSS3","OS","OS","Silk Cayes","Silk Cayes","OS Native","N","N","alive",25,21,13,525,6825,14.96312555,2.17558e-15,1.53837e-15,14.67041318,0.305209197,0.176212612,1275.345455,3.469329386,0.051884825,2.704755413,0.0404504,0.016616988,1.111111111,17,"SSID:S3",0.018282613812905,-0.0552428688510355,0.088539046464186
"918","T3","5/29/2019","SSID S3 22","SSID","S3","22","OSS3","OS","NS","Silk Cayes","False Caye","NS Transplant","N","N","alive",25,21,13,525,6825,28.19666667,0.005773503,0.004082483,11.93795236,0.058481147,0.033764106,4275.11634,1.390850098,0.029150694,0.4258883,0.008926152,0.03390411,1.617647059,17,"SSID:S3",0.0303053672958371,-0.0410856516886069,0.101445584525726
"935","T1","3/6/2018","SSID 4 14","SSID","S4","14","OSS4","OS","OS","Silk Cayes","Silk Cayes","OS Native","Y","N","alive",24,19,9,456,4104,8.09063867,0.005773503,0.004082483,11.54135102,0.103130617,0.05954249,503.1237818,NA,0.060341718,NA,0.048333363,0.008335576,1.041666667,3,"SSID:S4",0.0928376001498973,0.0117103681783558,0.171444366117291
"941","T1","3/9/2018","SSID 4 20","SSID","S4","20","OSS4","OS","NS","Silk Cayes","False Caye","NS Transplant","N","N","alive",24,19,9,456,4104,12.20778947,0,0,14.48859297,0.107215386,0.061900832,1013.191111,NA,0.046618532,NA,0.017687722,0.028073159,3.021442495,3,"SSID:S4",0.0209800082119547,-0.0545602544517397,0.0964759133796395
"947","T2","9/26/2018","SSID 4 15","SSID","S4","15","OSS4","OS","OS","Silk Cayes","Silk Cayes","OS Native","N","N","alive",24,19,9,456,4104,8.891068301,0.005773503,0.004082483,10.12987554,0.018995031,0.010966786,3048.872727,2.696277716,0.071386638,0.916553541,0.024266668,0.166878107,4.836050725,9,"SSID:S4",0.193047165230291,0.113454718593435,0.26857497118777
"952","T2","9/25/2018","SSID 4 21","SSID","S4","21","OSS4","OS","NS","Silk Cayes","False Caye","NS Transplant","N","N","alive",24,19,9,456,4104,21.03201407,0.011547005,0.008164966,21.42913325,0.038260935,0.022089961,3573.624242,2.368453096,0.03806887,0.410100213,0.006591666,0.092442605,4.298214286,9,"SSID:S4",0.129316706012672,0.051088600925654,0.205605107297103
"957","T3","5/31/2019","SSID S4 16","SSID","S4","16","OSS4","OS","OS","Silk Cayes","Silk Cayes","OS Native","N","N","alive",24,19,9,456,4104,18.68666667,0.005773503,0.004082483,19.46017494,0.553749088,0.319707185,1070.618947,2.439145739,0.046240565,2.269343396,0.043021506,0.016790223,0.885668277,17,"SSID:S4",0.018282613812905,-0.0552428688510355,0.088539046464186
"961","T3","5/29/2019","SSID S4 22","SSID","S4","22","OSS4","OS","NS","Silk Cayes","False Caye","NS Transplant","N","N","alive",24,19,9,456,4104,25.90757042,0.005773503,0.004082483,27.60427075,0.668643447,0.386041474,7415.222857,3.551773325,0.042338609,2.393762587,0.028534642,0.038957296,3.268115942,17,"SSID:S4",0.0303053672958371,-0.0410856516886069,0.101445584525726
"978","T1","3/6/2018","SSID 5 14","SSID","S5","14","OSS5","OS","OS","Silk Cayes","Silk Cayes","OS Native","N","N","alive",20,16,10,320,3200,8.883333333,0.005773503,0.004082483,9.037056969,0.033434499,0.019303417,764.4779085,NA,0.008909133,NA,0.005495046,0.214836908,10.22135417,3,"SSID:S5",0.0928376001498973,0.0117103681783558,0.171444366117291
"984","T1","3/9/2018","SSID 5 20","SSID","S5","20","OSS5","OS","NS","Silk Cayes","False Caye","NS Transplant","N","N","alive",20,16,10,320,3200,12.33659947,0.01,0.007071068,15.01272999,0.148973559,0.086009924,1065.649231,NA,0.040961444,NA,0.043905466,0.022800474,1.799242424,3,"SSID:S5",0.0209800082119547,-0.0545602544517397,0.0964759133796395
"990","T2","9/26/2018","SSID 5 15","SSID","S5","15","OSS5","OS","OS","Silk Cayes","Silk Cayes","OS Native","N","N","alive",20,16,10,320,3200,9.323951049,0.02081666,0.014719601,13.45460553,0.076793618,0.044336816,1610.123636,2.493459444,0.049473402,0.358900585,0.007121043,0.2690888,8.755147059,9,"SSID:S5",0.193047165230291,0.113454718593435,0.26857497118777
"995","T2","9/25/2018","SSID 5 21","SSID","S5","21","OSS5","OS","NS","Silk Cayes","False Caye","NS Transplant","N","N","alive",20,16,10,320,3200,20.22451839,0.01,0.007071068,21.65607775,0.025825925,0.014910605,3738.356364,1.228007801,0.035918476,NA,NA,0.110386873,5.288791322,9,"SSID:S5",0.129316706012672,0.051088600925654,0.205605107297103
"1000","T3","5/31/2019","SSID S5 16","SSID","S5","16","OSS5","OS","OS","Silk Cayes","Silk Cayes","OS Native","N","N","alive",20,16,10,320,3200,9.7785777,0.01,0.007071068,14.39740421,0.414625502,0.239384145,531.2376471,1.031449333,0.042615831,0.557308689,0.02302602,0.01721519,0.416666667,17,"SSID:S5",0.018282613812905,-0.0552428688510355,0.088539046464186
"1004","T3","5/29/2019","SSID S5 22","SSID","S5","22","OSS5","OS","NS","Silk Cayes","False Caye","NS Transplant","N","Y","alive",20,16,10,320,3200,22.33333333,0.015275252,0.010801234,19.50771913,0.40255423,0.232414793,2621.632,1.043117085,0.030102183,0.871093131,0.02513793,0.019078287,0.661111111,17,"SSID:S5",0.0303053672958371,-0.0410856516886069,0.101445584525726
"1027","T1","3/9/2018","SSID 6 20","SSID","S6","20","OSS6","OS","NS","Silk Cayes","False Caye","NS Transplant","N","N","alive",19,20,12,380,4560,18.86363716,0.01,0.007071068,20.43534504,0.122588324,0.070776402,654.4685714,NA,0.066899147,NA,0.037234611,0.021765392,1.704059829,3,"SSID:S6",0.0209800082119547,-0.0545602544517397,0.0964759133796395
"1039","T2","9/25/2018","SSID 6 21","SSID","S6","21","OSS6","OS","NS","Silk Cayes","False Caye","NS Transplant","N","Y","alive",19,20,12,380,4560,21.99043478,0.005773503,0.004082483,21.64989147,0.080320873,0.046373278,7649.762319,1.195797602,0.125977556,NA,NA,0.167399444,4.657291667,9,"SSID:S6",0.129316706012672,0.051088600925654,0.205605107297103
"1046","T3","5/31/2019","SSID S6 16","SSID","S6","16","OSS6","OS","OS","Silk Cayes","Silk Cayes","OS Native","N","N","alive",19,20,12,380,4560,27.23110721,0.005773503,0.004082483,32.27574465,0.404429593,0.233497534,1842.165657,0.607749487,0.027521427,0.463294594,0.020979908,0.015849457,0.35,17,"SSID:S6",0.018282613812905,-0.0552428688510355,0.088539046464186
"1050","T3","5/29/2019","SSID S6 22","SSID","S6","22","OSS6","OS","NS","Silk Cayes","False Caye","NS Transplant","N","N","alive",19,20,12,380,4560,27.48666667,0.015275252,0.010801234,29.57401894,0.122638116,0.070805149,4138.496,2.56937238,0.032046652,1.258231469,0.015693368,0.023573139,1.89,17,"SSID:S6",0.0303053672958371,-0.0410856516886069,0.101445584525726
"35","T0","12/11/2017","PSTR 1 13","PSTR","P1","13","NSP1","NS","control","control","control","NS Native","N","N","alive",19,14,8,266,2128,NA,NA,NA,NA,NA,NA,21836.49524,1.17929677,0.017029635,3.059693761,0.044183507,0.066098475,4.62962963,0,"PSTR:P1",0.0514847441610281,-0.0194762804531148,0.12084954206621
"35.1","T0","12/11/2017","PSTR 1 13","PSTR","P1","13","NSP1","NS","control","control","control","OS Transplant","N","N","alive",19,14,8,266,2128,NA,NA,NA,NA,NA,NA,21836.49524,1.17929677,0.017029635,3.059693761,0.044183507,0.066098475,4.62962963,0,"PSTR:P1",0.0510183677575396,-0.0237624980201452,0.121745963031293
"78","T0","12/11/2017","PSTR 2 13","PSTR","P2","13","NSP2","NS","control","control","control","NS Transplant","N","N","alive",22,19,10,418,4180,NA,NA,NA,NA,NA,NA,12762.31111,1.20913067,0.020768937,0.942819352,0.016194574,0.029543843,1.515151515,0,"PSTR:P2",0.194217946482074,0.10626166425194,0.285710036597667
"78.1","T0","12/11/2017","PSTR 2 13","PSTR","P2","13","NSP2","NS","control","control","control","OS Native","N","N","alive",22,19,10,418,4180,NA,NA,NA,NA,NA,NA,12762.31111,1.20913067,0.020768937,0.942819352,0.016194574,0.029543843,1.515151515,0,"PSTR:P2",0.193605321589301,0.107147367966398,0.285100131933846
"121","T0","12/11/2017","PSTR 3 13","PSTR","P3","13","NSP3","NS","control","control","control","NS Native","N","N","alive",30,23,15,690,10350,NA,NA,NA,NA,NA,NA,5302.552381,0.474207792,0.011568585,2.0623958,0.05031339,0.025475455,1.544117647,0,"PSTR:P3",0.0514847441610281,-0.0194762804531148,0.12084954206621
"121.1","T0","12/11/2017","PSTR 3 13","PSTR","P3","13","NSP3","NS","control","control","control","OS Transplant","N","N","alive",30,23,15,690,10350,NA,NA,NA,NA,NA,NA,5302.552381,0.474207792,0.011568585,2.0623958,0.05031339,0.025475455,1.544117647,0,"PSTR:P3",0.0510183677575396,-0.0237624980201452,0.121745963031293
"167","T0","12/11/2017","PSTR 4 13","PSTR","P4","13","NSP4","NS","control","control","control","NS Native","N","N","alive",20,18,17,360,6120,NA,NA,NA,NA,NA,NA,11557.05905,1.979693386,0.023056238,3.912377419,0.045564987,0.029972564,2.175,0,"PSTR:P4",0.0514847441610281,-0.0194762804531148,0.12084954206621
"167.1","T0","12/11/2017","PSTR 4 13","PSTR","P4","13","NSP4","NS","control","control","control","OS Transplant","N","N","alive",20,18,17,360,6120,NA,NA,NA,NA,NA,NA,11557.05905,1.979693386,0.023056238,3.912377419,0.045564987,0.029972564,2.175,0,"PSTR:P4",0.0510183677575396,-0.0237624980201452,0.121745963031293
"213","T0","12/11/2017","PSTR 5 13","PSTR","P5","13","NSP5","NS","control","control","control","NS Native","N","N","alive",19,13,9,247,2223,NA,NA,NA,NA,NA,NA,3719.757576,1.139199458,0.020859613,1.70809965,0.031276611,0.030192428,2.048611111,0,"PSTR:P5",0.0514847441610281,-0.0194762804531148,0.12084954206621
"213.1","T0","12/11/2017","PSTR 5 13","PSTR","P5","13","NSP5","NS","control","control","control","OS Transplant","N","N","alive",19,13,9,247,2223,NA,NA,NA,NA,NA,NA,3719.757576,1.139199458,0.020859613,1.70809965,0.031276611,0.030192428,2.048611111,0,"PSTR:P5",0.0510183677575396,-0.0237624980201452,0.121745963031293
"258","T0","12/11/2017","PSTR 6 13","PSTR","P6","13","NSP6","NS","control","control","control","NS Transplant","N","N","alive",20,18,15,360,5400,NA,NA,NA,NA,NA,NA,11252.26667,1.269119346,0.011029571,3.601802532,0.031302287,0.657481435,25.18055556,0,"PSTR:P6",0.194217946482074,0.10626166425194,0.285710036597667
"258.1","T0","12/11/2017","PSTR 6 13","PSTR","P6","13","NSP6","NS","control","control","control","OS Native","N","N","alive",20,18,15,360,5400,NA,NA,NA,NA,NA,NA,11252.26667,1.269119346,0.011029571,3.601802532,0.031302287,0.657481435,25.18055556,0,"PSTR:P6",0.193605321589301,0.107147367966398,0.285100131933846
"309","T0","12/12/2017","PSTR 1 26","PSTR","P1","26","OSP1","OS","control","control","control","NS Native","N","N","alive",20,16,14,320,4480,NA,NA,NA,NA,NA,NA,4407.073684,0.791357683,0.020202204,4.175144672,0.106585336,0.056679474,3.070175439,0,"PSTR:P1",0.0514847441610281,-0.0194762804531148,0.12084954206621
"309.1","T0","12/12/2017","PSTR 1 26","PSTR","P1","26","OSP1","OS","control","control","control","OS Transplant","N","N","alive",20,16,14,320,4480,NA,NA,NA,NA,NA,NA,4407.073684,0.791357683,0.020202204,4.175144672,0.106585336,0.056679474,3.070175439,0,"PSTR:P1",0.0510183677575396,-0.0237624980201452,0.121745963031293
"445","T0","12/12/2017","PSTR 4 26","PSTR","P4","26","OSP4","OS","control","control","control","NS Transplant","N","N","alive",26,13,13,338,4394,NA,NA,NA,NA,NA,NA,2139.392,1.587181176,0.017402551,2.825799533,0.030983307,0.062481206,4.279320988,0,"PSTR:P4",0.194217946482074,0.10626166425194,0.285710036597667
"445.1","T0","12/12/2017","PSTR 4 26","PSTR","P4","26","OSP4","OS","control","control","control","OS Native","N","N","alive",26,13,13,338,4394,NA,NA,NA,NA,NA,NA,2139.392,1.587181176,0.017402551,2.825799533,0.030983307,0.062481206,4.279320988,0,"PSTR:P4",0.193605321589301,0.107147367966398,0.285100131933846
"488","T0","12/12/2017","PSTR 5 26","PSTR","P5","26","OSP5","OS","control","control","control","NS Native","N","N","alive",19,17,13,323,4199,NA,NA,NA,NA,NA,NA,8396.024242,1.203624256,0.017599952,2.738907059,0.040049569,0.103214593,10.12980769,0,"PSTR:P5",0.0514847441610281,-0.0194762804531148,0.12084954206621
"488.1","T0","12/12/2017","PSTR 5 26","PSTR","P5","26","OSP5","OS","control","control","control","OS Transplant","N","N","alive",19,17,13,323,4199,NA,NA,NA,NA,NA,NA,8396.024242,1.203624256,0.017599952,2.738907059,0.040049569,0.103214593,10.12980769,0,"PSTR:P5",0.0510183677575396,-0.0237624980201452,0.121745963031293
"531","T0","12/12/2017","PSTR 6 26","PSTR","P6","26","OSP6","OS","control","control","control","NS Transplant","N","N","alive",19,12,11.5,228,2622,NA,NA,NA,NA,NA,NA,16741.03467,1.077951245,0.015704665,0.44998383,0.006555811,0.022922327,1.75,0,"PSTR:P6",0.194217946482074,0.10626166425194,0.285710036597667
"531.1","T0","12/12/2017","PSTR 6 26","PSTR","P6","26","OSP6","OS","control","control","control","OS Native","N","N","alive",19,12,11.5,228,2622,NA,NA,NA,NA,NA,NA,16741.03467,1.077951245,0.015704665,0.44998383,0.006555811,0.022922327,1.75,0,"PSTR:P6",0.193605321589301,0.107147367966398,0.285100131933846
"536","T0","12/10/2017","SSID 1 13","SSID","S1","13","NSS1","NS","control","control","control","NS Native","N","N","alive",22,18,15,396,5940,NA,NA,NA,NA,NA,NA,8415.714286,3.022897515,0.034505497,1.183747169,0.01351213,0.025838199,3.25,0,"SSID:S1",0.143837317456244,0.075459991981907,0.216034857236595
"536.1","T0","12/10/2017","SSID 1 13","SSID","S1","13","NSS1","NS","control","control","control","OS Transplant","N","N","alive",22,18,15,396,5940,NA,NA,NA,NA,NA,NA,8415.714286,3.022897515,0.034505497,1.183747169,0.01351213,0.025838199,3.25,0,"SSID:S1",0.145117638294546,0.0696936019123725,0.215051404818277
"578","T0","12/10/2017","SSID 2 13","SSID","S2","13","NSS2","NS","control","control","control","NS Transplant","N","N","alive",23,21,15,483,7245,NA,NA,NA,NA,NA,NA,1799.747368,4.824266317,0.073455018,5.549662661,0.084500014,0.060898294,2.384615385,0,"SSID:S2",0.0421395932692195,-0.0393773119982877,0.122100761155162
"578.1","T0","12/10/2017","SSID 2 13","SSID","S2","13","NSS2","NS","control","control","control","OS Native","N","N","alive",23,21,15,483,7245,NA,NA,NA,NA,NA,NA,1799.747368,4.824266317,0.073455018,5.549662661,0.084500014,0.060898294,2.384615385,0,"SSID:S2",0.040826413600631,-0.038245381696548,0.12111217429669
"623","T0","12/10/2017","SSID 3 13","SSID","S3","13","NSS3","NS","control","control","control","NS Native","N","N","alive",26,15,9,390,3510,NA,NA,NA,NA,NA,NA,13762.2528,2.790975317,0.045143557,2.594706362,0.041968939,0.065078791,3.075,0,"SSID:S3",0.143837317456244,0.075459991981907,0.216034857236595
"623.1","T0","12/10/2017","SSID 3 13","SSID","S3","13","NSS3","NS","control","control","control","OS Transplant","N","N","alive",26,15,9,390,3510,NA,NA,NA,NA,NA,NA,13762.2528,2.790975317,0.045143557,2.594706362,0.041968939,0.065078791,3.075,0,"SSID:S3",0.145117638294546,0.0696936019123725,0.215051404818277
"664","T0","12/10/2017","SSID 4 13","SSID","S4","13","NSS4","NS","control","control","control","NS Native","N","N","alive",20,18,17,360,6120,NA,NA,NA,NA,NA,NA,1518.411294,3.032097157,0.047120403,1.237311652,0.019228481,0.048959353,5.010683761,0,"SSID:S4",0.143837317456244,0.075459991981907,0.216034857236595
"664.1","T0","12/10/2017","SSID 4 13","SSID","S4","13","NSS4","NS","control","control","control","OS Transplant","N","N","alive",20,18,17,360,6120,NA,NA,NA,NA,NA,NA,1518.411294,3.032097157,0.047120403,1.237311652,0.019228481,0.048959353,5.010683761,0,"SSID:S4",0.145117638294546,0.0696936019123725,0.215051404818277
"709","T0","12/10/2017","SSID 5 13","SSID","S5","13","NSS5","NS","control","control","control","NS Transplant","N","N","alive",30,22,17,660,11220,NA,NA,NA,NA,NA,NA,5632.775758,8.102944836,0.09891778,2.363002485,0.028846668,0.064856314,2.426035503,0,"SSID:S5",0.0421395932692195,-0.0393773119982877,0.122100761155162
"709.1","T0","12/10/2017","SSID 5 13","SSID","S5","13","NSS5","NS","control","control","control","OS Native","N","N","alive",30,22,17,660,11220,NA,NA,NA,NA,NA,NA,5632.775758,8.102944836,0.09891778,2.363002485,0.028846668,0.064856314,2.426035503,0,"SSID:S5",0.040826413600631,-0.038245381696548,0.12111217429669
"751","T0","12/10/2017","SSID 6 13","SSID","S6","13","NSS6","NS","control","control","control","NS Native","N","N","alive",35,20,18,700,12600,NA,NA,NA,NA,NA,NA,2703.466667,3.122290833,0.069926152,1.682173962,0.037673605,0.049652338,2.651515152,0,"SSID:S6",0.143837317456244,0.075459991981907,0.216034857236595
"751.1","T0","12/10/2017","SSID 6 13","SSID","S6","13","NSS6","NS","control","control","control","OS Transplant","N","N","alive",35,20,18,700,12600,NA,NA,NA,NA,NA,NA,2703.466667,3.122290833,0.069926152,1.682173962,0.037673605,0.049652338,2.651515152,0,"SSID:S6",0.145117638294546,0.0696936019123725,0.215051404818277
"803","T0","12/13/2017","SSID 1 26","SSID","S1","26","OSS1","OS","control","control","control","NS Transplant","N","N","alive",18,14,9,252,2268,NA,NA,NA,NA,NA,NA,1121.241212,2.651668676,0.060441885,5.078958316,0.115769295,0.040878027,2.722222222,0,"SSID:S1",0.0421395932692195,-0.0393773119982877,0.122100761155162
"803.1","T0","12/13/2017","SSID 1 26","SSID","S1","26","OSS1","OS","control","control","control","OS Native","N","N","alive",18,14,9,252,2268,NA,NA,NA,NA,NA,NA,1121.241212,2.651668676,0.060441885,5.078958316,0.115769295,0.040878027,2.722222222,0,"SSID:S1",0.040826413600631,-0.038245381696548,0.12111217429669
"891","T0","12/13/2017","SSID 3 26","SSID","S3","26","OSS3","OS","control","control","control","NS Native","N","N","alive",25,21,13,525,6825,NA,NA,NA,NA,NA,NA,3263.644444,2.778453357,0.045194009,0.807119469,0.013128514,0.491896722,36.28409091,0,"SSID:S3",0.143837317456244,0.075459991981907,0.216034857236595
"891.1","T0","12/13/2017","SSID 3 26","SSID","S3","26","OSS3","OS","control","control","control","OS Transplant","N","N","alive",25,21,13,525,6825,NA,NA,NA,NA,NA,NA,3263.644444,2.778453357,0.045194009,0.807119469,0.013128514,0.491896722,36.28409091,0,"SSID:S3",0.145117638294546,0.0696936019123725,0.215051404818277
"934","T0","12/13/2017","SSID 4 26","SSID","S4","26","OSS4","OS","control","control","control","NS Transplant","N","N","alive",24,19,9,456,4104,NA,NA,NA,NA,NA,NA,2405.431579,4.27785026,0.078228579,2.51174887,0.045932076,0.027965944,2.083333333,0,"SSID:S4",0.0421395932692195,-0.0393773119982877,0.122100761155162
"934.1","T0","12/13/2017","SSID 4 26","SSID","S4","26","OSS4","OS","control","control","control","OS Native","N","N","alive",24,19,9,456,4104,NA,NA,NA,NA,NA,NA,2405.431579,4.27785026,0.078228579,2.51174887,0.045932076,0.027965944,2.083333333,0,"SSID:S4",0.040826413600631,-0.038245381696548,0.12111217429669
"977","T0","12/13/2017","SSID 5 26","SSID","S5","26","OSS5","OS","control","control","control","NS Native","N","N","alive",20,16,10,320,3200,NA,NA,NA,NA,NA,NA,797.7916484,0.785430966,0.019215654,2.982274617,0.072961671,0.186648885,21.1875,0,"SSID:S5",0.143837317456244,0.075459991981907,0.216034857236595
"977.1","T0","12/13/2017","SSID 5 26","SSID","S5","26","OSS5","OS","control","control","control","OS Transplant","N","N","alive",20,16,10,320,3200,NA,NA,NA,NA,NA,NA,797.7916484,0.785430966,0.019215654,2.982274617,0.072961671,0.186648885,21.1875,0,"SSID:S5",0.145117638294546,0.0696936019123725,0.215051404818277
"1020","T0","12/13/2017","SSID 6 26","SSID","S6","26","OSS6","OS","control","control","control","NS Transplant","N","N","alive",19,20,12,380,4560,NA,NA,NA,NA,NA,NA,2528.6912,5.12918709,0.064491459,3.167850063,0.039830731,0.01040246,0.925925926,0,"SSID:S6",0.0421395932692195,-0.0393773119982877,0.122100761155162
"1020.1","T0","12/13/2017","SSID 6 26","SSID","S6","26","OSS6","OS","control","control","control","OS Native","N","N","alive",19,20,12,380,4560,NA,NA,NA,NA,NA,NA,2528.6912,5.12918709,0.064491459,3.167850063,0.039830731,0.01040246,0.925925926,0,"SSID:S6",0.040826413600631,-0.038245381696548,0.12111217429669
